cause_code,cause_group,cause_description,severity,recommended_action,category
CC_0001,Transport,Cause code 1: Configuration mismatch,Minor,Monitor for pattern recurrence,Hardware
CC_0002,Transport,Cause code 2: Protocol error,Minor,Inspect transport network connectivity,Authentication
CC_0003,Radio Network,Cause code 3: Radio link failure,Warning,Escalate to vendor support,Resource
CC_0004,NAS,Cause code 4: Resource unavailable,Critical,Verify MME capacity and resources,Hardware
CC_0005,Transport,Cause code 5: Congestion detected,Major,Check radio conditions and interference,Authentication
CC_0006,Radio Network,Cause code 6: Congestion detected,Warning,Inspect transport network connectivity,Handover
CC_0007,Protocol,Cause code 7: Protocol error,Minor,Review subscriber authentication settings,Authentication
CC_0008,Miscellaneous,Cause code 8: Protocol error,Minor,Verify MME capacity and resources,Authentication
CC_0009,Miscellaneous,Cause code 9: Congestion detected,Minor,Monitor for pattern recurrence,Configuration
CC_0010,Transport,Cause code 10: Hardware failure,Critical,Inspect transport network connectivity,Resource
CC_0011,Transport,Cause code 11: Authentication rejected,Minor,Verify MME capacity and resources,Authentication
CC_0012,Transport,Cause code 12: Timeout occurred,Minor,Update software to latest version,Authentication
CC_0013,Miscellaneous,Cause code 13: Resource unavailable,Warning,Verify MME capacity and resources,Resource
CC_0014,Protocol,Cause code 14: Protocol error,Warning,Monitor for pattern recurrence,Authentication
CC_0015,NAS,Cause code 15: Authentication rejected,Minor,Escalate to vendor support,Configuration
CC_0016,Transport,Cause code 16: Timeout occurred,Minor,Escalate to vendor support,Authentication
CC_0017,NAS,Cause code 17: Congestion detected,Minor,Escalate to vendor support,Configuration
CC_0018,Transport,Cause code 18: Protocol error,Minor,Escalate to vendor support,Hardware
CC_0019,Protocol,Cause code 19: Resource unavailable,Minor,Monitor for pattern recurrence,Configuration
CC_0020,Protocol,Cause code 20: Protocol error,Minor,Update software to latest version,Resource
CC_0021,Miscellaneous,Cause code 21: Hardware failure,Warning,Escalate to vendor support,Resource
CC_0022,Transport,Cause code 22: Authentication rejected,Minor,Check radio conditions and interference,Configuration
CC_0023,NAS,Cause code 23: Protocol error,Minor,Review subscriber authentication settings,Resource
CC_0024,Protocol,Cause code 24: Radio link failure,Warning,Review subscriber authentication settings,Handover
CC_0025,Protocol,Cause code 25: Configuration mismatch,Major,Verify MME capacity and resources,Hardware
CC_0026,Miscellaneous,Cause code 26: Protocol error,Major,Update software to latest version,Authentication
CC_0027,NAS,Cause code 27: Configuration mismatch,Minor,Check radio conditions and interference,Hardware
CC_0028,Miscellaneous,Cause code 28: Congestion detected,Major,Review subscriber authentication settings,Resource
CC_0029,Transport,Cause code 29: Radio link failure,Minor,Review subscriber authentication settings,Resource
CC_0030,NAS,Cause code 30: Radio link failure,Minor,Check radio conditions and interference,Hardware
CC_0031,Transport,Cause code 31: Hardware failure,Warning,Monitor for pattern recurrence,Authentication
CC_0032,Miscellaneous,Cause code 32: Configuration mismatch,Warning,Verify MME capacity and resources,Handover
CC_0033,Radio Network,Cause code 33: Hardware failure,Minor,Review subscriber authentication settings,Handover
CC_0034,NAS,Cause code 34: Resource unavailable,Minor,Check radio conditions and interference,Configuration
CC_0035,Protocol,Cause code 35: Authentication rejected,Minor,Inspect transport network connectivity,Configuration
CC_0036,Radio Network,Cause code 36: Hardware failure,Minor,Monitor for pattern recurrence,Handover
CC_0037,Radio Network,Cause code 37: Congestion detected,Critical,Check radio conditions and interference,Handover
CC_0038,Miscellaneous,Cause code 38: Protocol error,Minor,Escalate to vendor support,Configuration
CC_0039,Miscellaneous,Cause code 39: Authentication rejected,Minor,Restart affected network element,Hardware
CC_0040,Miscellaneous,Cause code 40: Resource unavailable,Minor,Update software to latest version,Configuration
CC_0041,Protocol,Cause code 41: Protocol error,Major,Inspect transport network connectivity,Configuration
CC_0042,Protocol,Cause code 42: Hardware failure,Warning,Review subscriber authentication settings,Handover
CC_0043,Radio Network,Cause code 43: Resource unavailable,Major,Verify MME capacity and resources,Resource
CC_0044,NAS,Cause code 44: Timeout occurred,Minor,Escalate to vendor support,Hardware
CC_0045,Transport,Cause code 45: Hardware failure,Major,Escalate to vendor support,Handover
CC_0046,Miscellaneous,Cause code 46: Resource unavailable,Warning,Verify MME capacity and resources,Configuration
CC_0047,Miscellaneous,Cause code 47: Congestion detected,Warning,Verify MME capacity and resources,Hardware
CC_0048,Protocol,Cause code 48: Congestion detected,Minor,Check radio conditions and interference,Handover
CC_0049,Miscellaneous,Cause code 49: Congestion detected,Major,Restart affected network element,Handover
CC_0050,NAS,Cause code 50: Timeout occurred,Major,Monitor for pattern recurrence,Configuration
CC_0051,Miscellaneous,Cause code 51: Authentication rejected,Warning,Update software to latest version,Hardware
CC_0052,NAS,Cause code 52: Protocol error,Minor,Monitor for pattern recurrence,Authentication
CC_0053,Radio Network,Cause code 53: Timeout occurred,Warning,Update software to latest version,Authentication
CC_0054,Radio Network,Cause code 54: Configuration mismatch,Major,Monitor for pattern recurrence,Hardware
CC_0055,Miscellaneous,Cause code 55: Authentication rejected,Warning,Restart affected network element,Authentication
CC_0056,Miscellaneous,Cause code 56: Resource unavailable,Minor,Update software to latest version,Handover
CC_0057,Protocol,Cause code 57: Timeout occurred,Minor,Restart affected network element,Resource
CC_0058,Miscellaneous,Cause code 58: Resource unavailable,Minor,Escalate to vendor support,Configuration
CC_0059,Transport,Cause code 59: Hardware failure,Warning,Review subscriber authentication settings,Authentication
CC_0060,Transport,Cause code 60: Protocol error,Minor,Review subscriber authentication settings,Configuration
CC_0061,Protocol,Cause code 61: Protocol error,Minor,Check radio conditions and interference,Resource
CC_0062,Radio Network,Cause code 62: Hardware failure,Warning,Restart affected network element,Authentication
CC_0063,NAS,Cause code 63: Resource unavailable,Warning,Update software to latest version,Configuration
CC_0064,NAS,Cause code 64: Radio link failure,Warning,Monitor for pattern recurrence,Hardware
CC_0065,Protocol,Cause code 65: Timeout occurred,Warning,Check radio conditions and interference,Configuration
CC_0066,Radio Network,Cause code 66: Configuration mismatch,Minor,Inspect transport network connectivity,Resource
CC_0067,Miscellaneous,Cause code 67: Hardware failure,Critical,Check radio conditions and interference,Configuration
CC_0068,NAS,Cause code 68: Congestion detected,Minor,Verify MME capacity and resources,Handover
CC_0069,Protocol,Cause code 69: Timeout occurred,Major,Check radio conditions and interference,Handover
CC_0070,Transport,Cause code 70: Configuration mismatch,Minor,Inspect transport network connectivity,Authentication
CC_0071,NAS,Cause code 71: Authentication rejected,Minor,Escalate to vendor support,Hardware
CC_0072,Transport,Cause code 72: Timeout occurred,Major,Restart affected network element,Handover
CC_0073,Protocol,Cause code 73: Radio link failure,Warning,Check radio conditions and interference,Handover
CC_0074,NAS,Cause code 74: Resource unavailable,Warning,Review subscriber authentication settings,Configuration
CC_0075,Protocol,Cause code 75: Radio link failure,Warning,Inspect transport network connectivity,Handover
CC_0076,NAS,Cause code 76: Authentication rejected,Minor,Escalate to vendor support,Hardware
CC_0077,Transport,Cause code 77: Congestion detected,Major,Escalate to vendor support,Resource
CC_0078,Transport,Cause code 78: Congestion detected,Minor,Check radio conditions and interference,Resource
CC_0079,Miscellaneous,Cause code 79: Protocol error,Critical,Check radio conditions and interference,Hardware
CC_0080,Protocol,Cause code 80: Configuration mismatch,Minor,Escalate to vendor support,Handover
CC_0081,Miscellaneous,Cause code 81: Timeout occurred,Critical,Escalate to vendor support,Authentication
CC_0082,NAS,Cause code 82: Resource unavailable,Warning,Update software to latest version,Resource
CC_0083,NAS,Cause code 83: Hardware failure,Warning,Restart affected network element,Authentication
CC_0084,Transport,Cause code 84: Timeout occurred,Critical,Monitor for pattern recurrence,Configuration
CC_0085,Transport,Cause code 85: Authentication rejected,Warning,Restart affected network element,Resource
CC_0086,Radio Network,Cause code 86: Radio link failure,Major,Restart affected network element,Configuration
CC_0087,Transport,Cause code 87: Protocol error,Warning,Inspect transport network connectivity,Handover
CC_0088,Radio Network,Cause code 88: Configuration mismatch,Major,Update software to latest version,Hardware
CC_0089,Protocol,Cause code 89: Hardware failure,Minor,Escalate to vendor support,Hardware
CC_0090,Protocol,Cause code 90: Protocol error,Minor,Inspect transport network connectivity,Hardware
CC_0091,Miscellaneous,Cause code 91: Configuration mismatch,Warning,Escalate to vendor support,Authentication
CC_0092,Miscellaneous,Cause code 92: Hardware failure,Critical,Review subscriber authentication settings,Hardware
CC_0093,Radio Network,Cause code 93: Timeout occurred,Minor,Update software to latest version,Authentication
CC_0094,Radio Network,Cause code 94: Resource unavailable,Major,Update software to latest version,Hardware
CC_0095,Radio Network,Cause code 95: Configuration mismatch,Warning,Update software to latest version,Handover
CC_0096,Miscellaneous,Cause code 96: Radio link failure,Minor,Restart affected network element,Authentication
CC_0097,Radio Network,Cause code 97: Resource unavailable,Critical,Restart affected network element,Configuration
CC_0098,Protocol,Cause code 98: Hardware failure,Minor,Check radio conditions and interference,Hardware
CC_0099,Protocol,Cause code 99: Protocol error,Minor,Update software to latest version,Hardware
CC_0100,Miscellaneous,Cause code 100: Resource unavailable,Major,Verify MME capacity and resources,Resource
CC_0101,NAS,Cause code 101: Congestion detected,Major,Review subscriber authentication settings,Authentication
CC_0102,NAS,Cause code 102: Protocol error,Minor,Escalate to vendor support,Handover
CC_0103,Radio Network,Cause code 103: Timeout occurred,Major,Restart affected network element,Resource
CC_0104,Radio Network,Cause code 104: Authentication rejected,Major,Update software to latest version,Configuration
CC_0105,Transport,Cause code 105: Hardware failure,Critical,Inspect transport network connectivity,Hardware
CC_0106,Radio Network,Cause code 106: Authentication rejected,Major,Review subscriber authentication settings,Authentication
CC_0107,Radio Network,Cause code 107: Congestion detected,Minor,Restart affected network element,Handover
CC_0108,Protocol,Cause code 108: Hardware failure,Warning,Check radio conditions and interference,Hardware
CC_0109,NAS,Cause code 109: Hardware failure,Critical,Check radio conditions and interference,Handover
CC_0110,Protocol,Cause code 110: Timeout occurred,Minor,Restart affected network element,Handover
CC_0111,Transport,Cause code 111: Configuration mismatch,Minor,Verify MME capacity and resources,Resource
CC_0112,Protocol,Cause code 112: Hardware failure,Minor,Inspect transport network connectivity,Resource
CC_0113,Radio Network,Cause code 113: Radio link failure,Minor,Monitor for pattern recurrence,Hardware
CC_0114,Miscellaneous,Cause code 114: Resource unavailable,Minor,Escalate to vendor support,Handover
CC_0115,Miscellaneous,Cause code 115: Hardware failure,Minor,Review subscriber authentication settings,Configuration
CC_0116,Protocol,Cause code 116: Radio link failure,Major,Restart affected network element,Handover
CC_0117,Transport,Cause code 117: Timeout occurred,Critical,Escalate to vendor support,Handover
CC_0118,Miscellaneous,Cause code 118: Congestion detected,Warning,Restart affected network element,Handover
CC_0119,Miscellaneous,Cause code 119: Radio link failure,Warning,Escalate to vendor support,Configuration
CC_0120,Miscellaneous,Cause code 120: Resource unavailable,Minor,Review subscriber authentication settings,Handover
CC_0121,Radio Network,Cause code 121: Protocol error,Major,Monitor for pattern recurrence,Handover
CC_0122,Miscellaneous,Cause code 122: Protocol error,Warning,Update software to latest version,Hardware
CC_0123,NAS,Cause code 123: Authentication rejected,Minor,Restart affected network element,Handover
CC_0124,Transport,Cause code 124: Timeout occurred,Warning,Update software to latest version,Hardware
CC_0125,Transport,Cause code 125: Congestion detected,Major,Check radio conditions and interference,Configuration
CC_0126,Transport,Cause code 126: Resource unavailable,Major,Monitor for pattern recurrence,Resource
CC_0127,Protocol,Cause code 127: Hardware failure,Minor,Inspect transport network connectivity,Authentication
CC_0128,NAS,Cause code 128: Authentication rejected,Warning,Monitor for pattern recurrence,Configuration
CC_0129,Radio Network,Cause code 129: Resource unavailable,Minor,Verify MME capacity and resources,Resource
CC_0130,Protocol,Cause code 130: Protocol error,Minor,Verify MME capacity and resources,Configuration
CC_0131,Transport,Cause code 131: Radio link failure,Minor,Restart affected network element,Handover
CC_0132,Miscellaneous,Cause code 132: Radio link failure,Major,Inspect transport network connectivity,Configuration
CC_0133,Radio Network,Cause code 133: Protocol error,Minor,Monitor for pattern recurrence,Hardware
CC_0134,Miscellaneous,Cause code 134: Radio link failure,Minor,Check radio conditions and interference,Resource
CC_0135,NAS,Cause code 135: Resource unavailable,Minor,Monitor for pattern recurrence,Configuration
CC_0136,NAS,Cause code 136: Radio link failure,Warning,Verify MME capacity and resources,Resource
CC_0137,Transport,Cause code 137: Resource unavailable,Warning,Restart affected network element,Handover
CC_0138,Miscellaneous,Cause code 138: Hardware failure,Minor,Verify MME capacity and resources,Hardware
CC_0139,Protocol,Cause code 139: Configuration mismatch,Warning,Verify MME capacity and resources,Authentication
CC_0140,Miscellaneous,Cause code 140: Radio link failure,Warning,Review subscriber authentication settings,Hardware
CC_0141,Transport,Cause code 141: Protocol error,Minor,Inspect transport network connectivity,Hardware
CC_0142,Transport,Cause code 142: Radio link failure,Minor,Escalate to vendor support,Authentication
CC_0143,NAS,Cause code 143: Congestion detected,Warning,Check radio conditions and interference,Handover
CC_0144,Radio Network,Cause code 144: Authentication rejected,Warning,Monitor for pattern recurrence,Resource
CC_0145,Protocol,Cause code 145: Configuration mismatch,Minor,Verify MME capacity and resources,Handover
CC_0146,NAS,Cause code 146: Protocol error,Minor,Monitor for pattern recurrence,Resource
CC_0147,Transport,Cause code 147: Radio link failure,Major,Restart affected network element,Resource
CC_0148,Transport,Cause code 148: Authentication rejected,Warning,Monitor for pattern recurrence,Hardware
CC_0149,Protocol,Cause code 149: Resource unavailable,Minor,Inspect transport network connectivity,Resource
CC_0150,Protocol,Cause code 150: Timeout occurred,Warning,Escalate to vendor support,Authentication
CC_0151,NAS,Cause code 151: Authentication rejected,Warning,Check radio conditions and interference,Configuration
CC_0152,Transport,Cause code 152: Congestion detected,Warning,Verify MME capacity and resources,Resource
CC_0153,Protocol,Cause code 153: Resource unavailable,Warning,Restart affected network element,Handover
CC_0154,Protocol,Cause code 154: Authentication rejected,Minor,Update software to latest version,Authentication
CC_0155,Protocol,Cause code 155: Radio link failure,Minor,Monitor for pattern recurrence,Handover
CC_0156,Radio Network,Cause code 156: Protocol error,Warning,Review subscriber authentication settings,Configuration
CC_0157,Miscellaneous,Cause code 157: Authentication rejected,Major,Verify MME capacity and resources,Handover
CC_0158,Protocol,Cause code 158: Hardware failure,Critical,Update software to latest version,Handover
CC_0159,Transport,Cause code 159: Timeout occurred,Warning,Monitor for pattern recurrence,Configuration
CC_0160,Miscellaneous,Cause code 160: Timeout occurred,Minor,Monitor for pattern recurrence,Configuration
CC_0161,Transport,Cause code 161: Protocol error,Minor,Inspect transport network connectivity,Handover
CC_0162,Transport,Cause code 162: Resource unavailable,Critical,Escalate to vendor support,Authentication
CC_0163,Transport,Cause code 163: Hardware failure,Minor,Monitor for pattern recurrence,Handover
CC_0164,NAS,Cause code 164: Configuration mismatch,Warning,Verify MME capacity and resources,Handover
CC_0165,Protocol,Cause code 165: Resource unavailable,Minor,Review subscriber authentication settings,Hardware
CC_0166,Protocol,Cause code 166: Authentication rejected,Minor,Update software to latest version,Hardware
CC_0167,NAS,Cause code 167: Hardware failure,Major,Escalate to vendor support,Configuration
CC_0168,Miscellaneous,Cause code 168: Hardware failure,Minor,Review subscriber authentication settings,Resource
CC_0169,Transport,Cause code 169: Protocol error,Critical,Inspect transport network connectivity,Configuration
CC_0170,Miscellaneous,Cause code 170: Congestion detected,Major,Monitor for pattern recurrence,Hardware
CC_0171,Radio Network,Cause code 171: Authentication rejected,Warning,Update software to latest version,Authentication
CC_0172,Protocol,Cause code 172: Resource unavailable,Warning,Restart affected network element,Resource
CC_0173,NAS,Cause code 173: Radio link failure,Warning,Verify MME capacity and resources,Handover
CC_0174,NAS,Cause code 174: Protocol error,Minor,Update software to latest version,Hardware
CC_0175,Protocol,Cause code 175: Resource unavailable,Minor,Monitor for pattern recurrence,Handover
CC_0176,NAS,Cause code 176: Authentication rejected,Minor,Update software to latest version,Authentication
CC_0177,Transport,Cause code 177: Radio link failure,Warning,Restart affected network element,Handover
CC_0178,Miscellaneous,Cause code 178: Protocol error,Critical,Monitor for pattern recurrence,Configuration
CC_0179,Miscellaneous,Cause code 179: Resource unavailable,Major,Escalate to vendor support,Resource
CC_0180,NAS,Cause code 180: Resource unavailable,Major,Restart affected network element,Configuration
CC_0181,Radio Network,Cause code 181: Resource unavailable,Minor,Escalate to vendor support,Authentication
CC_0182,NAS,Cause code 182: Timeout occurred,Minor,Escalate to vendor support,Handover
CC_0183,Transport,Cause code 183: Resource unavailable,Minor,Restart affected network element,Authentication
CC_0184,Transport,Cause code 184: Authentication rejected,Warning,Verify MME capacity and resources,Authentication
CC_0185,Miscellaneous,Cause code 185: Hardware failure,Major,Verify MME capacity and resources,Resource
CC_0186,Protocol,Cause code 186: Resource unavailable,Warning,Escalate to vendor support,Hardware
CC_0187,Miscellaneous,Cause code 187: Hardware failure,Minor,Monitor for pattern recurrence,Handover
CC_0188,Radio Network,Cause code 188: Protocol error,Minor,Review subscriber authentication settings,Handover
CC_0189,Radio Network,Cause code 189: Configuration mismatch,Major,Monitor for pattern recurrence,Authentication
CC_0190,Radio Network,Cause code 190: Authentication rejected,Minor,Inspect transport network connectivity,Resource
CC_0191,Miscellaneous,Cause code 191: Authentication rejected,Minor,Review subscriber authentication settings,Handover
CC_0192,Protocol,Cause code 192: Timeout occurred,Major,Monitor for pattern recurrence,Hardware
CC_0193,Miscellaneous,Cause code 193: Timeout occurred,Warning,Escalate to vendor support,Hardware
CC_0194,Radio Network,Cause code 194: Hardware failure,Minor,Monitor for pattern recurrence,Configuration
CC_0195,Miscellaneous,Cause code 195: Hardware failure,Major,Review subscriber authentication settings,Configuration
CC_0196,Miscellaneous,Cause code 196: Congestion detected,Minor,Check radio conditions and interference,Authentication
CC_0197,Radio Network,Cause code 197: Resource unavailable,Critical,Check radio conditions and interference,Hardware
CC_0198,Transport,Cause code 198: Radio link failure,Minor,Escalate to vendor support,Resource
CC_0199,NAS,Cause code 199: Authentication rejected,Warning,Escalate to vendor support,Resource
CC_0200,Miscellaneous,Cause code 200: Resource unavailable,Warning,Check radio conditions and interference,Authentication
CC_0201,NAS,Cause code 201: Timeout occurred,Warning,Inspect transport network connectivity,Configuration
CC_0202,NAS,Cause code 202: Radio link failure,Major,Escalate to vendor support,Resource
CC_0203,Protocol,Cause code 203: Timeout occurred,Minor,Inspect transport network connectivity,Configuration
CC_0204,Transport,Cause code 204: Resource unavailable,Major,Inspect transport network connectivity,Resource
CC_0205,Transport,Cause code 205: Resource unavailable,Minor,Restart affected network element,Handover
CC_0206,Radio Network,Cause code 206: Configuration mismatch,Warning,Update software to latest version,Hardware
CC_0207,Miscellaneous,Cause code 207: Protocol error,Major,Inspect transport network connectivity,Hardware
CC_0208,Miscellaneous,Cause code 208: Authentication rejected,Critical,Update software to latest version,Handover
CC_0209,Miscellaneous,Cause code 209: Congestion detected,Warning,Inspect transport network connectivity,Handover
CC_0210,Miscellaneous,Cause code 210: Protocol error,Minor,Monitor for pattern recurrence,Authentication
CC_0211,Miscellaneous,Cause code 211: Timeout occurred,Minor,Update software to latest version,Authentication
CC_0212,Transport,Cause code 212: Radio link failure,Minor,Review subscriber authentication settings,Resource
CC_0213,Radio Network,Cause code 213: Hardware failure,Minor,Review subscriber authentication settings,Authentication
CC_0214,Protocol,Cause code 214: Configuration mismatch,Major,Review subscriber authentication settings,Authentication
CC_0215,Transport,Cause code 215: Resource unavailable,Minor,Verify MME capacity and resources,Handover
CC_0216,Miscellaneous,Cause code 216: Protocol error,Minor,Restart affected network element,Resource
CC_0217,Miscellaneous,Cause code 217: Protocol error,Major,Restart affected network element,Hardware
CC_0218,Radio Network,Cause code 218: Timeout occurred,Minor,Escalate to vendor support,Resource
CC_0219,Protocol,Cause code 219: Resource unavailable,Minor,Monitor for pattern recurrence,Authentication
CC_0220,Miscellaneous,Cause code 220: Configuration mismatch,Minor,Restart affected network element,Resource
CC_0221,Radio Network,Cause code 221: Hardware failure,Warning,Update software to latest version,Resource
CC_0222,Transport,Cause code 222: Authentication rejected,Warning,Monitor for pattern recurrence,Authentication
CC_0223,Transport,Cause code 223: Congestion detected,Warning,Update software to latest version,Resource
CC_0224,Miscellaneous,Cause code 224: Authentication rejected,Critical,Escalate to vendor support,Resource
CC_0225,Radio Network,Cause code 225: Resource unavailable,Minor,Update software to latest version,Handover
CC_0226,NAS,Cause code 226: Radio link failure,Warning,Review subscriber authentication settings,Resource
CC_0227,Miscellaneous,Cause code 227: Authentication rejected,Minor,Verify MME capacity and resources,Configuration
CC_0228,NAS,Cause code 228: Configuration mismatch,Warning,Update software to latest version,Authentication
CC_0229,Miscellaneous,Cause code 229: Timeout occurred,Warning,Escalate to vendor support,Hardware
CC_0230,Radio Network,Cause code 230: Resource unavailable,Critical,Update software to latest version,Handover
CC_0231,Radio Network,Cause code 231: Timeout occurred,Major,Check radio conditions and interference,Configuration
CC_0232,Protocol,Cause code 232: Resource unavailable,Minor,Restart affected network element,Handover
CC_0233,Transport,Cause code 233: Resource unavailable,Warning,Verify MME capacity and resources,Authentication
CC_0234,Radio Network,Cause code 234: Authentication rejected,Minor,Review subscriber authentication settings,Authentication
CC_0235,Protocol,Cause code 235: Resource unavailable,Minor,Review subscriber authentication settings,Authentication
CC_0236,Protocol,Cause code 236: Radio link failure,Minor,Inspect transport network connectivity,Authentication
CC_0237,Miscellaneous,Cause code 237: Configuration mismatch,Minor,Restart affected network element,Configuration
CC_0238,Transport,Cause code 238: Protocol error,Critical,Update software to latest version,Configuration
CC_0239,Radio Network,Cause code 239: Resource unavailable,Minor,Escalate to vendor support,Hardware
CC_0240,NAS,Cause code 240: Radio link failure,Warning,Inspect transport network connectivity,Authentication
CC_0241,Transport,Cause code 241: Resource unavailable,Warning,Verify MME capacity and resources,Handover
CC_0242,Transport,Cause code 242: Timeout occurred,Minor,Restart affected network element,Handover
CC_0243,Miscellaneous,Cause code 243: Timeout occurred,Warning,Inspect transport network connectivity,Hardware
CC_0244,Transport,Cause code 244: Radio link failure,Warning,Monitor for pattern recurrence,Authentication
CC_0245,NAS,Cause code 245: Congestion detected,Minor,Check radio conditions and interference,Authentication
CC_0246,Transport,Cause code 246: Authentication rejected,Minor,Verify MME capacity and resources,Authentication
CC_0247,NAS,Cause code 247: Configuration mismatch,Warning,Verify MME capacity and resources,Resource
CC_0248,Miscellaneous,Cause code 248: Resource unavailable,Minor,Update software to latest version,Hardware
CC_0249,Transport,Cause code 249: Authentication rejected,Critical,Monitor for pattern recurrence,Hardware
CC_0250,Protocol,Cause code 250: Resource unavailable,Major,Review subscriber authentication settings,Handover
CC_0251,Protocol,Cause code 251: Radio link failure,Minor,Review subscriber authentication settings,Handover
CC_0252,Miscellaneous,Cause code 252: Radio link failure,Warning,Check radio conditions and interference,Configuration
CC_0253,Miscellaneous,Cause code 253: Timeout occurred,Minor,Update software to latest version,Configuration
CC_0254,NAS,Cause code 254: Congestion detected,Minor,Restart affected network element,Handover
CC_0255,Protocol,Cause code 255: Authentication rejected,Minor,Escalate to vendor support,Resource
CC_0256,Protocol,Cause code 256: Resource unavailable,Warning,Review subscriber authentication settings,Handover
CC_0257,NAS,Cause code 257: Congestion detected,Warning,Update software to latest version,Configuration
CC_0258,Radio Network,Cause code 258: Authentication rejected,Major,Escalate to vendor support,Configuration
CC_0259,Transport,Cause code 259: Radio link failure,Minor,Verify MME capacity and resources,Resource
CC_0260,NAS,Cause code 260: Configuration mismatch,Minor,Escalate to vendor support,Configuration
CC_0261,Transport,Cause code 261: Protocol error,Minor,Verify MME capacity and resources,Handover
CC_0262,Radio Network,Cause code 262: Hardware failure,Minor,Escalate to vendor support,Authentication
CC_0263,NAS,Cause code 263: Protocol error,Major,Update software to latest version,Resource
CC_0264,NAS,Cause code 264: Configuration mismatch,Minor,Verify MME capacity and resources,Configuration
CC_0265,Transport,Cause code 265: Hardware failure,Minor,Review subscriber authentication settings,Resource
CC_0266,Transport,Cause code 266: Timeout occurred,Major,Check radio conditions and interference,Handover
CC_0267,Protocol,Cause code 267: Configuration mismatch,Critical,Monitor for pattern recurrence,Handover
CC_0268,Miscellaneous,Cause code 268: Resource unavailable,Minor,Update software to latest version,Hardware
CC_0269,Protocol,Cause code 269: Timeout occurred,Major,Monitor for pattern recurrence,Hardware
CC_0270,Miscellaneous,Cause code 270: Congestion detected,Warning,Verify MME capacity and resources,Authentication
CC_0271,NAS,Cause code 271: Authentication rejected,Major,Check radio conditions and interference,Configuration
CC_0272,Miscellaneous,Cause code 272: Timeout occurred,Major,Check radio conditions and interference,Configuration
CC_0273,Miscellaneous,Cause code 273: Timeout occurred,Minor,Inspect transport network connectivity,Hardware
CC_0274,Transport,Cause code 274: Timeout occurred,Critical,Verify MME capacity and resources,Handover
CC_0275,Transport,Cause code 275: Congestion detected,Major,Verify MME capacity and resources,Handover
CC_0276,Transport,Cause code 276: Hardware failure,Minor,Restart affected network element,Configuration
CC_0277,Radio Network,Cause code 277: Timeout occurred,Warning,Review subscriber authentication settings,Authentication
CC_0278,Miscellaneous,Cause code 278: Protocol error,Warning,Update software to latest version,Authentication
CC_0279,Transport,Cause code 279: Timeout occurred,Warning,Escalate to vendor support,Handover
CC_0280,Radio Network,Cause code 280: Hardware failure,Minor,Escalate to vendor support,Hardware
CC_0281,Transport,Cause code 281: Hardware failure,Minor,Review subscriber authentication settings,Hardware
CC_0282,Miscellaneous,Cause code 282: Resource unavailable,Warning,Review subscriber authentication settings,Configuration
CC_0283,Transport,Cause code 283: Congestion detected,Minor,Check radio conditions and interference,Configuration
CC_0284,Protocol,Cause code 284: Hardware failure,Critical,Check radio conditions and interference,Handover
CC_0285,Protocol,Cause code 285: Protocol error,Warning,Verify MME capacity and resources,Resource
CC_0286,Miscellaneous,Cause code 286: Authentication rejected,Major,Verify MME capacity and resources,Handover
CC_0287,Radio Network,Cause code 287: Protocol error,Major,Review subscriber authentication settings,Authentication
CC_0288,Radio Network,Cause code 288: Configuration mismatch,Major,Update software to latest version,Handover
CC_0289,Miscellaneous,Cause code 289: Hardware failure,Minor,Escalate to vendor support,Configuration
CC_0290,NAS,Cause code 290: Authentication rejected,Minor,Check radio conditions and interference,Resource
CC_0291,Radio Network,Cause code 291: Protocol error,Minor,Update software to latest version,Configuration
CC_0292,Transport,Cause code 292: Configuration mismatch,Critical,Review subscriber authentication settings,Hardware
CC_0293,Transport,Cause code 293: Congestion detected,Warning,Review subscriber authentication settings,Resource
CC_0294,Protocol,Cause code 294: Radio link failure,Warning,Restart affected network element,Hardware
CC_0295,NAS,Cause code 295: Congestion detected,Minor,Inspect transport network connectivity,Resource
CC_0296,Miscellaneous,Cause code 296: Protocol error,Minor,Escalate to vendor support,Authentication
CC_0297,Transport,Cause code 297: Congestion detected,Major,Restart affected network element,Handover
CC_0298,Protocol,Cause code 298: Configuration mismatch,Critical,Check radio conditions and interference,Resource
CC_0299,Protocol,Cause code 299: Resource unavailable,Minor,Inspect transport network connectivity,Configuration
CC_0300,Protocol,Cause code 300: Hardware failure,Minor,Inspect transport network connectivity,Authentication
CC_0301,Radio Network,Cause code 301: Timeout occurred,Warning,Escalate to vendor support,Resource
CC_0302,Transport,Cause code 302: Resource unavailable,Minor,Monitor for pattern recurrence,Authentication
CC_0303,Transport,Cause code 303: Authentication rejected,Minor,Review subscriber authentication settings,Hardware
CC_0304,NAS,Cause code 304: Resource unavailable,Critical,Check radio conditions and interference,Resource
CC_0305,Radio Network,Cause code 305: Radio link failure,Major,Review subscriber authentication settings,Handover
CC_0306,Protocol,Cause code 306: Radio link failure,Warning,Restart affected network element,Configuration
CC_0307,NAS,Cause code 307: Protocol error,Warning,Check radio conditions and interference,Configuration
CC_0308,Radio Network,Cause code 308: Protocol error,Minor,Update software to latest version,Hardware
CC_0309,Radio Network,Cause code 309: Timeout occurred,Major,Monitor for pattern recurrence,Handover
CC_0310,Protocol,Cause code 310: Resource unavailable,Minor,Update software to latest version,Resource
CC_0311,NAS,Cause code 311: Configuration mismatch,Warning,Verify MME capacity and resources,Hardware
CC_0312,Miscellaneous,Cause code 312: Hardware failure,Minor,Check radio conditions and interference,Hardware
CC_0313,Transport,Cause code 313: Configuration mismatch,Warning,Inspect transport network connectivity,Hardware
CC_0314,NAS,Cause code 314: Resource unavailable,Critical,Restart affected network element,Handover
CC_0315,NAS,Cause code 315: Hardware failure,Minor,Check radio conditions and interference,Resource
CC_0316,NAS,Cause code 316: Congestion detected,Minor,Review subscriber authentication settings,Authentication
CC_0317,Protocol,Cause code 317: Resource unavailable,Minor,Inspect transport network connectivity,Handover
CC_0318,Miscellaneous,Cause code 318: Hardware failure,Warning,Verify MME capacity and resources,Hardware
CC_0319,NAS,Cause code 319: Hardware failure,Minor,Verify MME capacity and resources,Resource
CC_0320,Protocol,Cause code 320: Timeout occurred,Warning,Monitor for pattern recurrence,Resource
CC_0321,Radio Network,Cause code 321: Authentication rejected,Major,Monitor for pattern recurrence,Hardware
CC_0322,Transport,Cause code 322: Protocol error,Major,Monitor for pattern recurrence,Resource
CC_0323,NAS,Cause code 323: Protocol error,Minor,Restart affected network element,Resource
CC_0324,NAS,Cause code 324: Protocol error,Minor,Verify MME capacity and resources,Handover
CC_0325,Miscellaneous,Cause code 325: Configuration mismatch,Warning,Monitor for pattern recurrence,Authentication
CC_0326,Transport,Cause code 326: Radio link failure,Major,Update software to latest version,Configuration
CC_0327,Transport,Cause code 327: Authentication rejected,Warning,Restart affected network element,Handover
CC_0328,Transport,Cause code 328: Protocol error,Minor,Monitor for pattern recurrence,Hardware
CC_0329,NAS,Cause code 329: Congestion detected,Minor,Review subscriber authentication settings,Hardware
CC_0330,NAS,Cause code 330: Radio link failure,Warning,Inspect transport network connectivity,Resource
CC_0331,NAS,Cause code 331: Timeout occurred,Minor,Restart affected network element,Resource
CC_0332,Miscellaneous,Cause code 332: Radio link failure,Critical,Monitor for pattern recurrence,Configuration
CC_0333,Protocol,Cause code 333: Authentication rejected,Minor,Restart affected network element,Handover
CC_0334,Transport,Cause code 334: Configuration mismatch,Warning,Restart affected network element,Hardware
CC_0335,Radio Network,Cause code 335: Protocol error,Major,Inspect transport network connectivity,Handover
CC_0336,Transport,Cause code 336: Configuration mismatch,Minor,Inspect transport network connectivity,Handover
CC_0337,Radio Network,Cause code 337: Resource unavailable,Warning,Monitor for pattern recurrence,Hardware
CC_0338,Miscellaneous,Cause code 338: Protocol error,Warning,Update software to latest version,Resource
CC_0339,NAS,Cause code 339: Authentication rejected,Major,Check radio conditions and interference,Hardware
CC_0340,Miscellaneous,Cause code 340: Hardware failure,Minor,Review subscriber authentication settings,Hardware
CC_0341,Miscellaneous,Cause code 341: Timeout occurred,Warning,Check radio conditions and interference,Resource
CC_0342,Transport,Cause code 342: Timeout occurred,Warning,Inspect transport network connectivity,Configuration
CC_0343,Radio Network,Cause code 343: Protocol error,Warning,Update software to latest version,Handover
CC_0344,Radio Network,Cause code 344: Congestion detected,Warning,Check radio conditions and interference,Configuration
CC_0345,NAS,Cause code 345: Radio link failure,Warning,Review subscriber authentication settings,Handover
CC_0346,Miscellaneous,Cause code 346: Hardware failure,Minor,Check radio conditions and interference,Resource
CC_0347,Protocol,Cause code 347: Configuration mismatch,Major,Monitor for pattern recurrence,Hardware
CC_0348,Radio Network,Cause code 348: Congestion detected,Warning,Inspect transport network connectivity,Hardware
CC_0349,Protocol,Cause code 349: Timeout occurred,Warning,Inspect transport network connectivity,Configuration
CC_0350,Radio Network,Cause code 350: Congestion detected,Critical,Escalate to vendor support,Hardware
CC_0351,NAS,Cause code 351: Timeout occurred,Minor,Restart affected network element,Hardware
CC_0352,Radio Network,Cause code 352: Configuration mismatch,Warning,Monitor for pattern recurrence,Authentication
CC_0353,NAS,Cause code 353: Hardware failure,Minor,Update software to latest version,Resource
CC_0354,Protocol,Cause code 354: Authentication rejected,Major,Check radio conditions and interference,Handover
CC_0355,NAS,Cause code 355: Protocol error,Major,Inspect transport network connectivity,Hardware
CC_0356,NAS,Cause code 356: Hardware failure,Critical,Update software to latest version,Hardware
CC_0357,Miscellaneous,Cause code 357: Timeout occurred,Warning,Restart affected network element,Configuration
CC_0358,Transport,Cause code 358: Configuration mismatch,Major,Check radio conditions and interference,Authentication
CC_0359,Miscellaneous,Cause code 359: Authentication rejected,Major,Monitor for pattern recurrence,Resource
CC_0360,Transport,Cause code 360: Authentication rejected,Minor,Review subscriber authentication settings,Resource
CC_0361,Protocol,Cause code 361: Congestion detected,Critical,Escalate to vendor support,Resource
CC_0362,Protocol,Cause code 362: Radio link failure,Minor,Update software to latest version,Resource
CC_0363,Protocol,Cause code 363: Congestion detected,Major,Check radio conditions and interference,Resource
CC_0364,Radio Network,Cause code 364: Radio link failure,Major,Verify MME capacity and resources,Resource
CC_0365,Radio Network,Cause code 365: Authentication rejected,Minor,Inspect transport network connectivity,Resource
CC_0366,NAS,Cause code 366: Protocol error,Critical,Check radio conditions and interference,Handover
CC_0367,Miscellaneous,Cause code 367: Authentication rejected,Warning,Update software to latest version,Hardware
CC_0368,Miscellaneous,Cause code 368: Radio link failure,Major,Review subscriber authentication settings,Authentication
CC_0369,NAS,Cause code 369: Congestion detected,Minor,Escalate to vendor support,Hardware
CC_0370,Miscellaneous,Cause code 370: Congestion detected,Major,Monitor for pattern recurrence,Hardware
CC_0371,NAS,Cause code 371: Configuration mismatch,Warning,Update software to latest version,Handover
CC_0372,Miscellaneous,Cause code 372: Authentication rejected,Minor,Monitor for pattern recurrence,Resource
CC_0373,Transport,Cause code 373: Congestion detected,Warning,Check radio conditions and interference,Hardware
CC_0374,Transport,Cause code 374: Congestion detected,Warning,Inspect transport network connectivity,Handover
CC_0375,Transport,Cause code 375: Timeout occurred,Minor,Verify MME capacity and resources,Authentication
CC_0376,Transport,Cause code 376: Resource unavailable,Major,Restart affected network element,Handover
CC_0377,NAS,Cause code 377: Radio link failure,Minor,Monitor for pattern recurrence,Resource
CC_0378,NAS,Cause code 378: Configuration mismatch,Minor,Escalate to vendor support,Handover
CC_0379,Miscellaneous,Cause code 379: Authentication rejected,Minor,Check radio conditions and interference,Resource
CC_0380,NAS,Cause code 380: Hardware failure,Critical,Inspect transport network connectivity,Configuration
CC_0381,Miscellaneous,Cause code 381: Hardware failure,Minor,Review subscriber authentication settings,Handover
CC_0382,Protocol,Cause code 382: Resource unavailable,Major,Update software to latest version,Hardware
CC_0383,Transport,Cause code 383: Protocol error,Major,Verify MME capacity and resources,Resource
CC_0384,Transport,Cause code 384: Resource unavailable,Major,Monitor for pattern recurrence,Configuration
CC_0385,Protocol,Cause code 385: Radio link failure,Warning,Update software to latest version,Authentication
CC_0386,Transport,Cause code 386: Protocol error,Minor,Verify MME capacity and resources,Hardware
CC_0387,NAS,Cause code 387: Hardware failure,Major,Inspect transport network connectivity,Configuration
CC_0388,Protocol,Cause code 388: Radio link failure,Minor,Verify MME capacity and resources,Configuration
CC_0389,Transport,Cause code 389: Congestion detected,Minor,Escalate to vendor support,Hardware
CC_0390,Miscellaneous,Cause code 390: Congestion detected,Critical,Verify MME capacity and resources,Configuration
CC_0391,NAS,Cause code 391: Authentication rejected,Minor,Review subscriber authentication settings,Handover
CC_0392,NAS,Cause code 392: Authentication rejected,Warning,Inspect transport network connectivity,Configuration
CC_0393,NAS,Cause code 393: Radio link failure,Warning,Restart affected network element,Configuration
CC_0394,NAS,Cause code 394: Authentication rejected,Minor,Escalate to vendor support,Hardware
CC_0395,Miscellaneous,Cause code 395: Authentication rejected,Warning,Escalate to vendor support,Hardware
CC_0396,Miscellaneous,Cause code 396: Authentication rejected,Major,Escalate to vendor support,Resource
CC_0397,Radio Network,Cause code 397: Protocol error,Minor,Update software to latest version,Configuration
CC_0398,Miscellaneous,Cause code 398: Authentication rejected,Critical,Escalate to vendor support,Configuration
CC_0399,Miscellaneous,Cause code 399: Protocol error,Minor,Inspect transport network connectivity,Configuration
CC_0400,Transport,Cause code 400: Resource unavailable,Minor,Review subscriber authentication settings,Resource
CC_0401,Transport,Cause code 401: Radio link failure,Critical,Check radio conditions and interference,Configuration
CC_0402,NAS,Cause code 402: Configuration mismatch,Warning,Restart affected network element,Configuration
CC_0403,Transport,Cause code 403: Radio link failure,Critical,Restart affected network element,Authentication
CC_0404,Radio Network,Cause code 404: Configuration mismatch,Warning,Inspect transport network connectivity,Authentication
CC_0405,Miscellaneous,Cause code 405: Authentication rejected,Critical,Escalate to vendor support,Hardware
CC_0406,Transport,Cause code 406: Hardware failure,Minor,Restart affected network element,Authentication
CC_0407,NAS,Cause code 407: Resource unavailable,Warning,Review subscriber authentication settings,Configuration
CC_0408,Protocol,Cause code 408: Protocol error,Minor,Verify MME capacity and resources,Hardware
CC_0409,Protocol,Cause code 409: Radio link failure,Minor,Update software to latest version,Resource
CC_0410,Miscellaneous,Cause code 410: Configuration mismatch,Warning,Monitor for pattern recurrence,Hardware
CC_0411,Miscellaneous,Cause code 411: Congestion detected,Minor,Restart affected network element,Hardware
CC_0412,NAS,Cause code 412: Authentication rejected,Warning,Escalate to vendor support,Configuration
CC_0413,Transport,Cause code 413: Authentication rejected,Critical,Escalate to vendor support,Hardware
CC_0414,Transport,Cause code 414: Protocol error,Warning,Restart affected network element,Authentication
CC_0415,Miscellaneous,Cause code 415: Configuration mismatch,Major,Inspect transport network connectivity,Authentication
CC_0416,Miscellaneous,Cause code 416: Timeout occurred,Minor,Inspect transport network connectivity,Authentication
CC_0417,Protocol,Cause code 417: Hardware failure,Minor,Inspect transport network connectivity,Configuration
CC_0418,Radio Network,Cause code 418: Radio link failure,Warning,Escalate to vendor support,Configuration
CC_0419,Transport,Cause code 419: Resource unavailable,Minor,Inspect transport network connectivity,Handover
CC_0420,Transport,Cause code 420: Radio link failure,Warning,Check radio conditions and interference,Configuration
CC_0421,NAS,Cause code 421: Timeout occurred,Major,Escalate to vendor support,Authentication
CC_0422,Radio Network,Cause code 422: Congestion detected,Major,Check radio conditions and interference,Hardware
CC_0423,Protocol,Cause code 423: Hardware failure,Warning,Update software to latest version,Configuration
CC_0424,NAS,Cause code 424: Resource unavailable,Warning,Check radio conditions and interference,Authentication
CC_0425,NAS,Cause code 425: Timeout occurred,Warning,Verify MME capacity and resources,Authentication
CC_0426,Radio Network,Cause code 426: Authentication rejected,Minor,Inspect transport network connectivity,Resource
CC_0427,Protocol,Cause code 427: Authentication rejected,Warning,Update software to latest version,Authentication
CC_0428,Protocol,Cause code 428: Timeout occurred,Major,Restart affected network element,Hardware
CC_0429,Transport,Cause code 429: Radio link failure,Minor,Check radio conditions and interference,Hardware
CC_0430,Miscellaneous,Cause code 430: Resource unavailable,Critical,Verify MME capacity and resources,Hardware
CC_0431,NAS,Cause code 431: Radio link failure,Major,Inspect transport network connectivity,Hardware
CC_0432,NAS,Cause code 432: Radio link failure,Minor,Restart affected network element,Authentication
CC_0433,NAS,Cause code 433: Radio link failure,Major,Update software to latest version,Resource
CC_0434,NAS,Cause code 434: Hardware failure,Minor,Verify MME capacity and resources,Authentication
CC_0435,NAS,Cause code 435: Radio link failure,Warning,Inspect transport network connectivity,Configuration
CC_0436,Protocol,Cause code 436: Resource unavailable,Warning,Update software to latest version,Authentication
CC_0437,Radio Network,Cause code 437: Timeout occurred,Critical,Escalate to vendor support,Resource
CC_0438,Miscellaneous,Cause code 438: Protocol error,Minor,Inspect transport network connectivity,Authentication
CC_0439,Transport,Cause code 439: Timeout occurred,Warning,Escalate to vendor support,Resource
CC_0440,Radio Network,Cause code 440: Authentication rejected,Major,Verify MME capacity and resources,Hardware
CC_0441,Miscellaneous,Cause code 441: Congestion detected,Warning,Check radio conditions and interference,Configuration
CC_0442,Radio Network,Cause code 442: Timeout occurred,Major,Restart affected network element,Hardware
CC_0443,NAS,Cause code 443: Radio link failure,Minor,Update software to latest version,Resource
CC_0444,NAS,Cause code 444: Configuration mismatch,Warning,Check radio conditions and interference,Hardware
CC_0445,Transport,Cause code 445: Authentication rejected,Minor,Monitor for pattern recurrence,Authentication
CC_0446,Transport,Cause code 446: Authentication rejected,Warning,Review subscriber authentication settings,Configuration
CC_0447,Protocol,Cause code 447: Configuration mismatch,Warning,Check radio conditions and interference,Authentication
CC_0448,NAS,Cause code 448: Configuration mismatch,Warning,Review subscriber authentication settings,Authentication
CC_0449,Transport,Cause code 449: Hardware failure,Minor,Escalate to vendor support,Resource
CC_0450,Radio Network,Cause code 450: Authentication rejected,Critical,Inspect transport network connectivity,Configuration
CC_0451,Protocol,Cause code 451: Hardware failure,Minor,Monitor for pattern recurrence,Resource
CC_0452,NAS,Cause code 452: Timeout occurred,Major,Review subscriber authentication settings,Resource
CC_0453,Protocol,Cause code 453: Timeout occurred,Minor,Verify MME capacity and resources,Handover
CC_0454,Transport,Cause code 454: Radio link failure,Minor,Review subscriber authentication settings,Resource
CC_0455,Transport,Cause code 455: Configuration mismatch,Minor,Escalate to vendor support,Configuration
CC_0456,Protocol,Cause code 456: Configuration mismatch,Warning,Monitor for pattern recurrence,Resource
CC_0457,Radio Network,Cause code 457: Resource unavailable,Major,Monitor for pattern recurrence,Resource
CC_0458,Miscellaneous,Cause code 458: Timeout occurred,Warning,Inspect transport network connectivity,Handover
CC_0459,NAS,Cause code 459: Hardware failure,Critical,Verify MME capacity and resources,Authentication
CC_0460,Radio Network,Cause code 460: Authentication rejected,Major,Check radio conditions and interference,Hardware
CC_0461,NAS,Cause code 461: Configuration mismatch,Minor,Check radio conditions and interference,Hardware
CC_0462,NAS,Cause code 462: Protocol error,Minor,Restart affected network element,Resource
CC_0463,NAS,Cause code 463: Congestion detected,Minor,Inspect transport network connectivity,Resource
CC_0464,Transport,Cause code 464: Resource unavailable,Warning,Inspect transport network connectivity,Authentication
CC_0465,Protocol,Cause code 465: Resource unavailable,Minor,Review subscriber authentication settings,Authentication
CC_0466,Transport,Cause code 466: Protocol error,Critical,Escalate to vendor support,Authentication
CC_0467,NAS,Cause code 467: Congestion detected,Minor,Monitor for pattern recurrence,Configuration
CC_0468,NAS,Cause code 468: Radio link failure,Warning,Review subscriber authentication settings,Configuration
CC_0469,Miscellaneous,Cause code 469: Configuration mismatch,Warning,Update software to latest version,Configuration
CC_0470,Protocol,Cause code 470: Radio link failure,Critical,Restart affected network element,Authentication
CC_0471,Transport,Cause code 471: Authentication rejected,Warning,Update software to latest version,Handover
CC_0472,Protocol,Cause code 472: Resource unavailable,Major,Verify MME capacity and resources,Configuration
CC_0473,Miscellaneous,Cause code 473: Protocol error,Minor,Restart affected network element,Handover
CC_0474,NAS,Cause code 474: Authentication rejected,Critical,Inspect transport network connectivity,Hardware
CC_0475,Miscellaneous,Cause code 475: Resource unavailable,Minor,Verify MME capacity and resources,Hardware
CC_0476,NAS,Cause code 476: Resource unavailable,Minor,Verify MME capacity and resources,Hardware
CC_0477,Protocol,Cause code 477: Configuration mismatch,Major,Verify MME capacity and resources,Handover
CC_0478,Miscellaneous,Cause code 478: Configuration mismatch,Warning,Review subscriber authentication settings,Authentication
CC_0479,NAS,Cause code 479: Resource unavailable,Minor,Verify MME capacity and resources,Resource
CC_0480,NAS,Cause code 480: Authentication rejected,Minor,Restart affected network element,Resource
CC_0481,Radio Network,Cause code 481: Protocol error,Minor,Restart affected network element,Configuration
CC_0482,Protocol,Cause code 482: Authentication rejected,Minor,Inspect transport network connectivity,Resource
CC_0483,NAS,Cause code 483: Radio link failure,Warning,Escalate to vendor support,Configuration
CC_0484,Radio Network,Cause code 484: Congestion detected,Warning,Update software to latest version,Resource
CC_0485,Radio Network,Cause code 485: Resource unavailable,Warning,Check radio conditions and interference,Configuration
CC_0486,Transport,Cause code 486: Hardware failure,Minor,Check radio conditions and interference,Handover
CC_0487,Transport,Cause code 487: Resource unavailable,Major,Escalate to vendor support,Authentication
CC_0488,Radio Network,Cause code 488: Protocol error,Warning,Verify MME capacity and resources,Configuration
CC_0489,Protocol,Cause code 489: Hardware failure,Minor,Escalate to vendor support,Resource
CC_0490,Protocol,Cause code 490: Resource unavailable,Critical,Inspect transport network connectivity,Hardware
CC_0491,NAS,Cause code 491: Protocol error,Minor,Verify MME capacity and resources,Configuration
CC_0492,Protocol,Cause code 492: Authentication rejected,Critical,Restart affected network element,Authentication
CC_0493,Transport,Cause code 493: Configuration mismatch,Critical,Restart affected network element,Hardware
CC_0494,Transport,Cause code 494: Authentication rejected,Major,Restart affected network element,Handover
CC_0495,Radio Network,Cause code 495: Authentication rejected,Major,Restart affected network element,Configuration
CC_0496,Protocol,Cause code 496: Authentication rejected,Warning,Escalate to vendor support,Hardware
CC_0497,Radio Network,Cause code 497: Radio link failure,Minor,Inspect transport network connectivity,Authentication
CC_0498,NAS,Cause code 498: Protocol error,Minor,Restart affected network element,Handover
CC_0499,NAS,Cause code 499: Congestion detected,Minor,Review subscriber authentication settings,Resource
CC_0500,Radio Network,Cause code 500: Timeout occurred,Minor,Review subscriber authentication settings,Handover
CC_0501,Transport,Cause code 501: Authentication rejected,Minor,Escalate to vendor support,Resource
CC_0502,Protocol,Cause code 502: Authentication rejected,Warning,Inspect transport network connectivity,Handover
CC_0503,NAS,Cause code 503: Authentication rejected,Critical,Inspect transport network connectivity,Handover
CC_0504,Protocol,Cause code 504: Congestion detected,Warning,Escalate to vendor support,Resource
CC_0505,Protocol,Cause code 505: Authentication rejected,Major,Restart affected network element,Resource
CC_0506,Transport,Cause code 506: Timeout occurred,Major,Inspect transport network connectivity,Authentication
CC_0507,Transport,Cause code 507: Authentication rejected,Minor,Review subscriber authentication settings,Resource
CC_0508,Radio Network,Cause code 508: Configuration mismatch,Major,Update software to latest version,Configuration
CC_0509,Radio Network,Cause code 509: Timeout occurred,Major,Restart affected network element,Resource
CC_0510,Radio Network,Cause code 510: Resource unavailable,Warning,Inspect transport network connectivity,Configuration
CC_0511,Radio Network,Cause code 511: Radio link failure,Warning,Verify MME capacity and resources,Hardware
CC_0512,Miscellaneous,Cause code 512: Hardware failure,Minor,Verify MME capacity and resources,Authentication
CC_0513,Transport,Cause code 513: Protocol error,Minor,Check radio conditions and interference,Authentication
CC_0514,Transport,Cause code 514: Authentication rejected,Warning,Escalate to vendor support,Handover
CC_0515,Radio Network,Cause code 515: Resource unavailable,Major,Restart affected network element,Resource
CC_0516,Radio Network,Cause code 516: Configuration mismatch,Minor,Inspect transport network connectivity,Handover
CC_0517,Transport,Cause code 517: Congestion detected,Minor,Check radio conditions and interference,Hardware
CC_0518,Radio Network,Cause code 518: Congestion detected,Warning,Monitor for pattern recurrence,Hardware
CC_0519,Radio Network,Cause code 519: Hardware failure,Major,Check radio conditions and interference,Handover
CC_0520,Transport,Cause code 520: Configuration mismatch,Minor,Check radio conditions and interference,Hardware
CC_0521,Transport,Cause code 521: Congestion detected,Major,Inspect transport network connectivity,Hardware
CC_0522,Miscellaneous,Cause code 522: Congestion detected,Major,Inspect transport network connectivity,Authentication
CC_0523,Radio Network,Cause code 523: Timeout occurred,Warning,Monitor for pattern recurrence,Handover
CC_0524,Miscellaneous,Cause code 524: Timeout occurred,Minor,Monitor for pattern recurrence,Handover
CC_0525,NAS,Cause code 525: Timeout occurred,Major,Update software to latest version,Authentication
CC_0526,NAS,Cause code 526: Configuration mismatch,Warning,Update software to latest version,Configuration
CC_0527,Protocol,Cause code 527: Authentication rejected,Critical,Restart affected network element,Configuration
CC_0528,Radio Network,Cause code 528: Congestion detected,Warning,Check radio conditions and interference,Handover
CC_0529,NAS,Cause code 529: Authentication rejected,Critical,Inspect transport network connectivity,Resource
CC_0530,Protocol,Cause code 530: Radio link failure,Minor,Monitor for pattern recurrence,Resource
CC_0531,Protocol,Cause code 531: Radio link failure,Warning,Verify MME capacity and resources,Resource
CC_0532,NAS,Cause code 532: Authentication rejected,Warning,Restart affected network element,Handover
CC_0533,NAS,Cause code 533: Protocol error,Major,Inspect transport network connectivity,Authentication
CC_0534,Transport,Cause code 534: Timeout occurred,Minor,Check radio conditions and interference,Handover
CC_0535,Radio Network,Cause code 535: Authentication rejected,Warning,Update software to latest version,Handover
CC_0536,Miscellaneous,Cause code 536: Authentication rejected,Major,Review subscriber authentication settings,Authentication
CC_0537,Transport,Cause code 537: Radio link failure,Minor,Monitor for pattern recurrence,Hardware
CC_0538,Transport,Cause code 538: Congestion detected,Critical,Escalate to vendor support,Resource
CC_0539,Transport,Cause code 539: Hardware failure,Warning,Check radio conditions and interference,Configuration
CC_0540,NAS,Cause code 540: Configuration mismatch,Major,Update software to latest version,Authentication
CC_0541,Radio Network,Cause code 541: Protocol error,Minor,Inspect transport network connectivity,Hardware
CC_0542,Radio Network,Cause code 542: Authentication rejected,Minor,Escalate to vendor support,Configuration
CC_0543,Protocol,Cause code 543: Congestion detected,Critical,Restart affected network element,Hardware
CC_0544,Protocol,Cause code 544: Timeout occurred,Critical,Monitor for pattern recurrence,Hardware
CC_0545,Protocol,Cause code 545: Congestion detected,Minor,Verify MME capacity and resources,Configuration
CC_0546,Radio Network,Cause code 546: Timeout occurred,Warning,Inspect transport network connectivity,Hardware
CC_0547,Radio Network,Cause code 547: Radio link failure,Minor,Verify MME capacity and resources,Handover
CC_0548,NAS,Cause code 548: Radio link failure,Warning,Check radio conditions and interference,Configuration
CC_0549,Transport,Cause code 549: Congestion detected,Minor,Check radio conditions and interference,Resource
CC_0550,Protocol,Cause code 550: Resource unavailable,Warning,Verify MME capacity and resources,Configuration
CC_0551,Protocol,Cause code 551: Hardware failure,Critical,Restart affected network element,Authentication
CC_0552,Protocol,Cause code 552: Timeout occurred,Warning,Restart affected network element,Hardware
CC_0553,Transport,Cause code 553: Authentication rejected,Minor,Escalate to vendor support,Resource
CC_0554,Transport,Cause code 554: Radio link failure,Major,Review subscriber authentication settings,Hardware
CC_0555,Miscellaneous,Cause code 555: Hardware failure,Minor,Check radio conditions and interference,Authentication
CC_0556,Radio Network,Cause code 556: Radio link failure,Minor,Review subscriber authentication settings,Authentication
CC_0557,NAS,Cause code 557: Protocol error,Minor,Monitor for pattern recurrence,Authentication
CC_0558,Radio Network,Cause code 558: Protocol error,Major,Check radio conditions and interference,Resource
CC_0559,Miscellaneous,Cause code 559: Congestion detected,Minor,Update software to latest version,Authentication
CC_0560,Radio Network,Cause code 560: Timeout occurred,Warning,Check radio conditions and interference,Hardware
CC_0561,Radio Network,Cause code 561: Resource unavailable,Minor,Monitor for pattern recurrence,Hardware
CC_0562,Miscellaneous,Cause code 562: Resource unavailable,Minor,Inspect transport network connectivity,Resource
CC_0563,Radio Network,Cause code 563: Resource unavailable,Minor,Verify MME capacity and resources,Configuration
CC_0564,Miscellaneous,Cause code 564: Congestion detected,Warning,Inspect transport network connectivity,Hardware
CC_0565,Miscellaneous,Cause code 565: Protocol error,Major,Verify MME capacity and resources,Authentication
CC_0566,Transport,Cause code 566: Configuration mismatch,Warning,Restart affected network element,Hardware
CC_0567,Miscellaneous,Cause code 567: Resource unavailable,Minor,Monitor for pattern recurrence,Handover
CC_0568,Miscellaneous,Cause code 568: Hardware failure,Major,Escalate to vendor support,Resource
CC_0569,Miscellaneous,Cause code 569: Protocol error,Major,Review subscriber authentication settings,Configuration
CC_0570,Miscellaneous,Cause code 570: Timeout occurred,Major,Check radio conditions and interference,Handover
CC_0571,NAS,Cause code 571: Timeout occurred,Critical,Verify MME capacity and resources,Authentication
CC_0572,Transport,Cause code 572: Configuration mismatch,Minor,Update software to latest version,Authentication
CC_0573,Transport,Cause code 573: Protocol error,Warning,Restart affected network element,Handover
CC_0574,Transport,Cause code 574: Congestion detected,Critical,Verify MME capacity and resources,Resource
CC_0575,NAS,Cause code 575: Hardware failure,Warning,Check radio conditions and interference,Resource
CC_0576,Protocol,Cause code 576: Authentication rejected,Major,Escalate to vendor support,Authentication
CC_0577,Transport,Cause code 577: Configuration mismatch,Minor,Update software to latest version,Hardware
CC_0578,Protocol,Cause code 578: Timeout occurred,Major,Update software to latest version,Hardware
CC_0579,Protocol,Cause code 579: Protocol error,Critical,Restart affected network element,Handover
CC_0580,NAS,Cause code 580: Protocol error,Minor,Monitor for pattern recurrence,Hardware
CC_0581,Radio Network,Cause code 581: Configuration mismatch,Major,Inspect transport network connectivity,Authentication
CC_0582,NAS,Cause code 582: Congestion detected,Minor,Review subscriber authentication settings,Authentication
CC_0583,Radio Network,Cause code 583: Radio link failure,Minor,Verify MME capacity and resources,Resource
CC_0584,Transport,Cause code 584: Protocol error,Minor,Check radio conditions and interference,Authentication
CC_0585,Transport,Cause code 585: Resource unavailable,Minor,Escalate to vendor support,Resource
CC_0586,Protocol,Cause code 586: Configuration mismatch,Critical,Monitor for pattern recurrence,Handover
CC_0587,Miscellaneous,Cause code 587: Congestion detected,Major,Escalate to vendor support,Authentication
CC_0588,Transport,Cause code 588: Configuration mismatch,Minor,Inspect transport network connectivity,Authentication
CC_0589,Transport,Cause code 589: Authentication rejected,Minor,Monitor for pattern recurrence,Authentication
CC_0590,Transport,Cause code 590: Timeout occurred,Critical,Verify MME capacity and resources,Handover
CC_0591,Radio Network,Cause code 591: Authentication rejected,Minor,Check radio conditions and interference,Resource
CC_0592,Transport,Cause code 592: Protocol error,Minor,Inspect transport network connectivity,Authentication
CC_0593,Transport,Cause code 593: Configuration mismatch,Warning,Check radio conditions and interference,Resource
CC_0594,Transport,Cause code 594: Congestion detected,Warning,Verify MME capacity and resources,Hardware
CC_0595,Protocol,Cause code 595: Protocol error,Critical,Check radio conditions and interference,Authentication
CC_0596,Radio Network,Cause code 596: Radio link failure,Minor,Update software to latest version,Authentication
CC_0597,Protocol,Cause code 597: Configuration mismatch,Warning,Update software to latest version,Resource
CC_0598,NAS,Cause code 598: Radio link failure,Minor,Restart affected network element,Handover
CC_0599,NAS,Cause code 599: Authentication rejected,Minor,Restart affected network element,Resource
CC_0600,NAS,Cause code 600: Authentication rejected,Warning,Monitor for pattern recurrence,Configuration
CC_0601,Transport,Cause code 601: Congestion detected,Major,Verify MME capacity and resources,Hardware
CC_0602,NAS,Cause code 602: Congestion detected,Warning,Check radio conditions and interference,Authentication
CC_0603,Transport,Cause code 603: Radio link failure,Minor,Check radio conditions and interference,Configuration
CC_0604,Protocol,Cause code 604: Protocol error,Warning,Verify MME capacity and resources,Handover
CC_0605,NAS,Cause code 605: Timeout occurred,Warning,Monitor for pattern recurrence,Handover
CC_0606,Protocol,Cause code 606: Congestion detected,Warning,Monitor for pattern recurrence,Hardware
CC_0607,Protocol,Cause code 607: Resource unavailable,Minor,Check radio conditions and interference,Handover
CC_0608,NAS,Cause code 608: Hardware failure,Minor,Restart affected network element,Authentication
CC_0609,Transport,Cause code 609: Hardware failure,Warning,Review subscriber authentication settings,Hardware
CC_0610,NAS,Cause code 610: Protocol error,Minor,Check radio conditions and interference,Configuration
CC_0611,NAS,Cause code 611: Protocol error,Critical,Verify MME capacity and resources,Hardware
CC_0612,NAS,Cause code 612: Resource unavailable,Minor,Check radio conditions and interference,Handover
CC_0613,Radio Network,Cause code 613: Radio link failure,Minor,Review subscriber authentication settings,Handover
CC_0614,Transport,Cause code 614: Congestion detected,Minor,Verify MME capacity and resources,Configuration
CC_0615,Radio Network,Cause code 615: Configuration mismatch,Warning,Restart affected network element,Configuration
CC_0616,Transport,Cause code 616: Configuration mismatch,Minor,Verify MME capacity and resources,Hardware
CC_0617,Transport,Cause code 617: Protocol error,Minor,Review subscriber authentication settings,Resource
CC_0618,Transport,Cause code 618: Hardware failure,Warning,Review subscriber authentication settings,Configuration
CC_0619,Miscellaneous,Cause code 619: Congestion detected,Major,Review subscriber authentication settings,Resource
CC_0620,NAS,Cause code 620: Radio link failure,Minor,Update software to latest version,Configuration
CC_0621,NAS,Cause code 621: Radio link failure,Warning,Update software to latest version,Hardware
CC_0622,Transport,Cause code 622: Authentication rejected,Warning,Check radio conditions and interference,Resource
CC_0623,Miscellaneous,Cause code 623: Hardware failure,Major,Review subscriber authentication settings,Configuration
CC_0624,Transport,Cause code 624: Configuration mismatch,Minor,Review subscriber authentication settings,Handover
CC_0625,Protocol,Cause code 625: Resource unavailable,Minor,Verify MME capacity and resources,Resource
CC_0626,Transport,Cause code 626: Hardware failure,Major,Restart affected network element,Resource
CC_0627,NAS,Cause code 627: Hardware failure,Minor,Restart affected network element,Handover
CC_0628,Transport,Cause code 628: Configuration mismatch,Minor,Monitor for pattern recurrence,Configuration
CC_0629,Transport,Cause code 629: Protocol error,Major,Check radio conditions and interference,Resource
CC_0630,Transport,Cause code 630: Authentication rejected,Warning,Update software to latest version,Handover
CC_0631,Miscellaneous,Cause code 631: Congestion detected,Warning,Restart affected network element,Authentication
CC_0632,Miscellaneous,Cause code 632: Hardware failure,Minor,Restart affected network element,Resource
CC_0633,Radio Network,Cause code 633: Congestion detected,Warning,Restart affected network element,Configuration
CC_0634,Protocol,Cause code 634: Radio link failure,Critical,Update software to latest version,Hardware
CC_0635,Radio Network,Cause code 635: Protocol error,Warning,Check radio conditions and interference,Resource
CC_0636,NAS,Cause code 636: Configuration mismatch,Minor,Escalate to vendor support,Resource
CC_0637,Transport,Cause code 637: Resource unavailable,Major,Update software to latest version,Hardware
CC_0638,Radio Network,Cause code 638: Radio link failure,Critical,Update software to latest version,Handover
CC_0639,Radio Network,Cause code 639: Congestion detected,Minor,Review subscriber authentication settings,Handover
CC_0640,NAS,Cause code 640: Configuration mismatch,Minor,Restart affected network element,Handover
CC_0641,Transport,Cause code 641: Hardware failure,Warning,Check radio conditions and interference,Resource
CC_0642,Transport,Cause code 642: Resource unavailable,Major,Inspect transport network connectivity,Authentication
CC_0643,NAS,Cause code 643: Timeout occurred,Minor,Review subscriber authentication settings,Configuration
CC_0644,Transport,Cause code 644: Radio link failure,Minor,Update software to latest version,Resource
CC_0645,Transport,Cause code 645: Authentication rejected,Major,Restart affected network element,Handover
CC_0646,Radio Network,Cause code 646: Hardware failure,Warning,Review subscriber authentication settings,Handover
CC_0647,Miscellaneous,Cause code 647: Configuration mismatch,Minor,Escalate to vendor support,Authentication
CC_0648,Miscellaneous,Cause code 648: Hardware failure,Minor,Review subscriber authentication settings,Authentication
CC_0649,NAS,Cause code 649: Radio link failure,Minor,Escalate to vendor support,Hardware
CC_0650,Radio Network,Cause code 650: Hardware failure,Major,Restart affected network element,Authentication
CC_0651,Radio Network,Cause code 651: Hardware failure,Minor,Escalate to vendor support,Resource
CC_0652,Transport,Cause code 652: Congestion detected,Critical,Restart affected network element,Handover
CC_0653,Miscellaneous,Cause code 653: Protocol error,Minor,Escalate to vendor support,Hardware
CC_0654,Miscellaneous,Cause code 654: Protocol error,Warning,Inspect transport network connectivity,Authentication
CC_0655,Protocol,Cause code 655: Authentication rejected,Warning,Escalate to vendor support,Authentication
CC_0656,Radio Network,Cause code 656: Congestion detected,Warning,Restart affected network element,Resource
CC_0657,Protocol,Cause code 657: Protocol error,Warning,Update software to latest version,Configuration
CC_0658,NAS,Cause code 658: Authentication rejected,Minor,Verify MME capacity and resources,Resource
CC_0659,Transport,Cause code 659: Timeout occurred,Critical,Restart affected network element,Hardware
CC_0660,NAS,Cause code 660: Timeout occurred,Major,Check radio conditions and interference,Handover
CC_0661,NAS,Cause code 661: Protocol error,Warning,Monitor for pattern recurrence,Authentication
CC_0662,Protocol,Cause code 662: Hardware failure,Minor,Verify MME capacity and resources,Resource
CC_0663,Miscellaneous,Cause code 663: Hardware failure,Minor,Restart affected network element,Resource
CC_0664,Miscellaneous,Cause code 664: Hardware failure,Critical,Update software to latest version,Resource
CC_0665,Transport,Cause code 665: Congestion detected,Warning,Inspect transport network connectivity,Configuration
CC_0666,Radio Network,Cause code 666: Authentication rejected,Major,Review subscriber authentication settings,Hardware
CC_0667,NAS,Cause code 667: Radio link failure,Major,Escalate to vendor support,Resource
CC_0668,Radio Network,Cause code 668: Radio link failure,Critical,Verify MME capacity and resources,Resource
CC_0669,Transport,Cause code 669: Authentication rejected,Warning,Monitor for pattern recurrence,Hardware
CC_0670,Radio Network,Cause code 670: Radio link failure,Warning,Inspect transport network connectivity,Authentication
CC_0671,NAS,Cause code 671: Timeout occurred,Major,Update software to latest version,Resource
CC_0672,Miscellaneous,Cause code 672: Hardware failure,Minor,Inspect transport network connectivity,Handover
CC_0673,NAS,Cause code 673: Radio link failure,Warning,Restart affected network element,Resource
CC_0674,Protocol,Cause code 674: Protocol error,Minor,Inspect transport network connectivity,Authentication
CC_0675,Transport,Cause code 675: Hardware failure,Major,Inspect transport network connectivity,Handover
CC_0676,Radio Network,Cause code 676: Protocol error,Minor,Inspect transport network connectivity,Hardware
CC_0677,NAS,Cause code 677: Hardware failure,Minor,Check radio conditions and interference,Resource
CC_0678,Miscellaneous,Cause code 678: Protocol error,Minor,Verify MME capacity and resources,Authentication
CC_0679,Protocol,Cause code 679: Radio link failure,Minor,Update software to latest version,Handover
CC_0680,Protocol,Cause code 680: Authentication rejected,Critical,Escalate to vendor support,Hardware
CC_0681,Protocol,Cause code 681: Congestion detected,Warning,Review subscriber authentication settings,Configuration
CC_0682,Transport,Cause code 682: Timeout occurred,Minor,Check radio conditions and interference,Resource
CC_0683,Protocol,Cause code 683: Protocol error,Critical,Review subscriber authentication settings,Authentication
CC_0684,Miscellaneous,Cause code 684: Authentication rejected,Minor,Check radio conditions and interference,Hardware
CC_0685,NAS,Cause code 685: Hardware failure,Minor,Restart affected network element,Configuration
CC_0686,Transport,Cause code 686: Congestion detected,Minor,Check radio conditions and interference,Authentication
CC_0687,NAS,Cause code 687: Timeout occurred,Minor,Check radio conditions and interference,Resource
CC_0688,Transport,Cause code 688: Protocol error,Minor,Inspect transport network connectivity,Resource
CC_0689,Transport,Cause code 689: Congestion detected,Warning,Review subscriber authentication settings,Configuration
CC_0690,Transport,Cause code 690: Radio link failure,Major,Verify MME capacity and resources,Hardware
CC_0691,NAS,Cause code 691: Congestion detected,Major,Escalate to vendor support,Hardware
CC_0692,Radio Network,Cause code 692: Hardware failure,Major,Verify MME capacity and resources,Hardware
CC_0693,NAS,Cause code 693: Protocol error,Minor,Restart affected network element,Handover
CC_0694,Miscellaneous,Cause code 694: Authentication rejected,Critical,Restart affected network element,Configuration
CC_0695,Transport,Cause code 695: Hardware failure,Warning,Verify MME capacity and resources,Authentication
CC_0696,Transport,Cause code 696: Resource unavailable,Warning,Inspect transport network connectivity,Resource
CC_0697,Radio Network,Cause code 697: Radio link failure,Minor,Update software to latest version,Authentication
CC_0698,Protocol,Cause code 698: Authentication rejected,Minor,Update software to latest version,Authentication
CC_0699,Miscellaneous,Cause code 699: Congestion detected,Minor,Monitor for pattern recurrence,Configuration
CC_0700,Transport,Cause code 700: Radio link failure,Warning,Inspect transport network connectivity,Handover
CC_0701,Radio Network,Cause code 701: Configuration mismatch,Minor,Update software to latest version,Configuration
CC_0702,NAS,Cause code 702: Resource unavailable,Warning,Inspect transport network connectivity,Handover
CC_0703,Miscellaneous,Cause code 703: Resource unavailable,Warning,Escalate to vendor support,Configuration
CC_0704,Transport,Cause code 704: Authentication rejected,Warning,Check radio conditions and interference,Hardware
CC_0705,NAS,Cause code 705: Configuration mismatch,Major,Verify MME capacity and resources,Configuration
CC_0706,Radio Network,Cause code 706: Authentication rejected,Minor,Check radio conditions and interference,Authentication
CC_0707,NAS,Cause code 707: Congestion detected,Minor,Restart affected network element,Handover
CC_0708,Radio Network,Cause code 708: Protocol error,Minor,Monitor for pattern recurrence,Handover
CC_0709,Protocol,Cause code 709: Protocol error,Major,Escalate to vendor support,Resource
CC_0710,Transport,Cause code 710: Radio link failure,Minor,Monitor for pattern recurrence,Configuration
CC_0711,NAS,Cause code 711: Authentication rejected,Critical,Check radio conditions and interference,Authentication
CC_0712,Radio Network,Cause code 712: Resource unavailable,Major,Restart affected network element,Resource
CC_0713,Transport,Cause code 713: Congestion detected,Warning,Restart affected network element,Handover
CC_0714,Radio Network,Cause code 714: Configuration mismatch,Warning,Restart affected network element,Resource
CC_0715,Radio Network,Cause code 715: Configuration mismatch,Critical,Restart affected network element,Configuration
CC_0716,NAS,Cause code 716: Protocol error,Warning,Escalate to vendor support,Authentication
CC_0717,Transport,Cause code 717: Radio link failure,Minor,Escalate to vendor support,Authentication
CC_0718,NAS,Cause code 718: Configuration mismatch,Major,Check radio conditions and interference,Resource
CC_0719,Transport,Cause code 719: Hardware failure,Warning,Verify MME capacity and resources,Hardware
CC_0720,Miscellaneous,Cause code 720: Authentication rejected,Major,Update software to latest version,Configuration
CC_0721,Miscellaneous,Cause code 721: Authentication rejected,Major,Update software to latest version,Resource
CC_0722,Radio Network,Cause code 722: Timeout occurred,Major,Inspect transport network connectivity,Authentication
CC_0723,Miscellaneous,Cause code 723: Radio link failure,Major,Verify MME capacity and resources,Authentication
CC_0724,Miscellaneous,Cause code 724: Authentication rejected,Warning,Monitor for pattern recurrence,Authentication
CC_0725,Protocol,Cause code 725: Resource unavailable,Warning,Inspect transport network connectivity,Handover
CC_0726,Radio Network,Cause code 726: Protocol error,Minor,Escalate to vendor support,Authentication
CC_0727,Transport,Cause code 727: Resource unavailable,Minor,Review subscriber authentication settings,Handover
CC_0728,Radio Network,Cause code 728: Authentication rejected,Minor,Escalate to vendor support,Authentication
CC_0729,Protocol,Cause code 729: Authentication rejected,Minor,Inspect transport network connectivity,Resource
CC_0730,Transport,Cause code 730: Hardware failure,Major,Update software to latest version,Authentication
CC_0731,Miscellaneous,Cause code 731: Timeout occurred,Minor,Restart affected network element,Hardware
CC_0732,Miscellaneous,Cause code 732: Congestion detected,Major,Check radio conditions and interference,Configuration
CC_0733,Miscellaneous,Cause code 733: Timeout occurred,Major,Inspect transport network connectivity,Authentication
CC_0734,Protocol,Cause code 734: Protocol error,Minor,Inspect transport network connectivity,Hardware
CC_0735,Radio Network,Cause code 735: Hardware failure,Minor,Restart affected network element,Handover
CC_0736,Radio Network,Cause code 736: Timeout occurred,Minor,Restart affected network element,Hardware
CC_0737,Radio Network,Cause code 737: Configuration mismatch,Minor,Escalate to vendor support,Authentication
CC_0738,Transport,Cause code 738: Congestion detected,Minor,Restart affected network element,Authentication
CC_0739,Radio Network,Cause code 739: Hardware failure,Major,Escalate to vendor support,Hardware
CC_0740,Radio Network,Cause code 740: Congestion detected,Major,Escalate to vendor support,Handover
CC_0741,Radio Network,Cause code 741: Hardware failure,Critical,Escalate to vendor support,Resource
CC_0742,Miscellaneous,Cause code 742: Authentication rejected,Major,Check radio conditions and interference,Handover
CC_0743,Transport,Cause code 743: Hardware failure,Critical,Escalate to vendor support,Authentication
CC_0744,NAS,Cause code 744: Authentication rejected,Warning,Review subscriber authentication settings,Resource
CC_0745,Radio Network,Cause code 745: Resource unavailable,Minor,Update software to latest version,Hardware
CC_0746,Radio Network,Cause code 746: Authentication rejected,Minor,Update software to latest version,Hardware
CC_0747,NAS,Cause code 747: Authentication rejected,Major,Inspect transport network connectivity,Resource
CC_0748,Protocol,Cause code 748: Resource unavailable,Warning,Restart affected network element,Hardware
CC_0749,Radio Network,Cause code 749: Resource unavailable,Critical,Verify MME capacity and resources,Authentication
CC_0750,Protocol,Cause code 750: Timeout occurred,Major,Check radio conditions and interference,Configuration
CC_0751,Protocol,Cause code 751: Hardware failure,Warning,Inspect transport network connectivity,Hardware
CC_0752,Transport,Cause code 752: Hardware failure,Critical,Restart affected network element,Configuration
CC_0753,Protocol,Cause code 753: Protocol error,Critical,Update software to latest version,Authentication
CC_0754,Transport,Cause code 754: Resource unavailable,Warning,Monitor for pattern recurrence,Configuration
CC_0755,Radio Network,Cause code 755: Configuration mismatch,Warning,Inspect transport network connectivity,Hardware
CC_0756,Protocol,Cause code 756: Radio link failure,Minor,Check radio conditions and interference,Authentication
CC_0757,Protocol,Cause code 757: Protocol error,Warning,Restart affected network element,Resource
CC_0758,Protocol,Cause code 758: Timeout occurred,Warning,Verify MME capacity and resources,Handover
CC_0759,Miscellaneous,Cause code 759: Authentication rejected,Critical,Restart affected network element,Handover
CC_0760,Radio Network,Cause code 760: Protocol error,Major,Restart affected network element,Resource
CC_0761,Transport,Cause code 761: Protocol error,Warning,Monitor for pattern recurrence,Configuration
CC_0762,Miscellaneous,Cause code 762: Configuration mismatch,Warning,Verify MME capacity and resources,Handover
CC_0763,NAS,Cause code 763: Hardware failure,Minor,Inspect transport network connectivity,Resource
CC_0764,Transport,Cause code 764: Radio link failure,Minor,Inspect transport network connectivity,Configuration
CC_0765,NAS,Cause code 765: Configuration mismatch,Major,Restart affected network element,Configuration
CC_0766,Transport,Cause code 766: Hardware failure,Minor,Check radio conditions and interference,Authentication
CC_0767,Protocol,Cause code 767: Timeout occurred,Minor,Inspect transport network connectivity,Configuration
CC_0768,Transport,Cause code 768: Resource unavailable,Major,Update software to latest version,Hardware
CC_0769,Radio Network,Cause code 769: Protocol error,Minor,Update software to latest version,Resource
CC_0770,Transport,Cause code 770: Congestion detected,Warning,Review subscriber authentication settings,Handover
CC_0771,Transport,Cause code 771: Hardware failure,Critical,Monitor for pattern recurrence,Configuration
CC_0772,Miscellaneous,Cause code 772: Resource unavailable,Major,Verify MME capacity and resources,Authentication
CC_0773,Radio Network,Cause code 773: Radio link failure,Minor,Update software to latest version,Configuration
CC_0774,Protocol,Cause code 774: Protocol error,Major,Escalate to vendor support,Handover
CC_0775,Transport,Cause code 775: Radio link failure,Warning,Review subscriber authentication settings,Handover
CC_0776,NAS,Cause code 776: Configuration mismatch,Minor,Verify MME capacity and resources,Authentication
CC_0777,Radio Network,Cause code 777: Congestion detected,Warning,Update software to latest version,Hardware
CC_0778,Protocol,Cause code 778: Hardware failure,Major,Restart affected network element,Authentication
CC_0779,Transport,Cause code 779: Configuration mismatch,Minor,Inspect transport network connectivity,Configuration
CC_0780,NAS,Cause code 780: Timeout occurred,Warning,Check radio conditions and interference,Authentication
CC_0781,NAS,Cause code 781: Hardware failure,Major,Review subscriber authentication settings,Authentication
CC_0782,NAS,Cause code 782: Configuration mismatch,Minor,Escalate to vendor support,Resource
CC_0783,Miscellaneous,Cause code 783: Authentication rejected,Critical,Check radio conditions and interference,Authentication
CC_0784,Transport,Cause code 784: Resource unavailable,Minor,Monitor for pattern recurrence,Resource
CC_0785,Transport,Cause code 785: Hardware failure,Minor,Escalate to vendor support,Resource
CC_0786,Miscellaneous,Cause code 786: Hardware failure,Minor,Review subscriber authentication settings,Hardware
CC_0787,NAS,Cause code 787: Radio link failure,Minor,Update software to latest version,Resource
CC_0788,Transport,Cause code 788: Resource unavailable,Warning,Update software to latest version,Resource
CC_0789,Miscellaneous,Cause code 789: Authentication rejected,Warning,Review subscriber authentication settings,Authentication
CC_0790,Miscellaneous,Cause code 790: Hardware failure,Warning,Review subscriber authentication settings,Hardware
CC_0791,Protocol,Cause code 791: Authentication rejected,Major,Inspect transport network connectivity,Hardware
CC_0792,Protocol,Cause code 792: Configuration mismatch,Minor,Monitor for pattern recurrence,Handover
CC_0793,Radio Network,Cause code 793: Timeout occurred,Warning,Verify MME capacity and resources,Resource
CC_0794,Radio Network,Cause code 794: Timeout occurred,Minor,Check radio conditions and interference,Hardware
CC_0795,NAS,Cause code 795: Hardware failure,Major,Review subscriber authentication settings,Authentication
CC_0796,Protocol,Cause code 796: Resource unavailable,Warning,Monitor for pattern recurrence,Configuration
CC_0797,Protocol,Cause code 797: Protocol error,Minor,Verify MME capacity and resources,Resource
CC_0798,Transport,Cause code 798: Configuration mismatch,Minor,Monitor for pattern recurrence,Hardware
CC_0799,Protocol,Cause code 799: Protocol error,Minor,Restart affected network element,Handover
CC_0800,Radio Network,Cause code 800: Timeout occurred,Minor,Review subscriber authentication settings,Hardware
