customer_id,customer_name,customer_segment,demographic_age_group,lifetime_value,acquisition_date,preferred_channel,customer_profile_description
CUST0000001,Michael Gonzalez,Premium,45-54,6186.78,2023-08-07 08:19:37.545962,Mobile App,"18-24 shopper classified as Premium segment, primarily uses Mobile App and frequently purchases Home & Garden"
CUST0000002,Elizabeth Lopez,Standard,55-64,2652.91,2022-01-10 08:19:37.545962,Online,"18-24 demographic, Standard classification, shows consistent In-Store activity and Sports & Outdoors preference"
CUST0000003,Patricia Anderson,Standard,35-44,116.72,2025-10-05 08:19:37.545962,Online,"Standard tier customer aged 45-54, loyal Mobile App user with high engagement in Electronics products"
CUST0000004,Susan Hernandez,Standard,65+,265.93,2024-03-24 08:19:37.545962,In-Store,"Standard tier customer aged 25-34, loyal Hybrid user with high engagement in Electronics products"
CUST0000005,Linda Rodriguez,Standard,55-64,1046.89,2024-08-20 08:19:37.545962,In-Store,"Standard tier customer aged 35-44, loyal Online user with high engagement in Health & Wellness products"
CUST0000006,Robert Martinez,Budget,45-54,588.16,2021-12-04 08:19:37.545962,Online,"35-44 demographic, Budget classification, shows consistent Hybrid activity and Beauty & Personal Care preference"
CUST0000007,Linda Brown,VIP,25-34,255.03,2022-02-10 08:19:37.545962,Online,"55-64 demographic, VIP classification, shows consistent In-Store activity and Home & Garden preference"
CUST0000008,Elizabeth Lopez,Premium,25-34,137.63,2025-08-11 08:19:37.545962,Online,"Premium customer in 25-34 age bracket, prefers Online shopping with strong interest in Clothing"
CUST0000009,Susan Anderson,Standard,18-24,636.15,2021-02-19 08:19:37.545962,Hybrid,"18-24 demographic, Standard classification, shows consistent Hybrid activity and Home & Garden preference"
CUST0000010,Elizabeth Wilson,Budget,25-34,622.72,2021-04-22 08:19:37.545962,Mobile App,"25-34 demographic, Budget classification, shows consistent Mobile App activity and Beauty & Personal Care preference"
CUST0000011,Linda Rodriguez,Budget,18-24,1268.46,2022-03-13 08:19:37.545962,Hybrid,"45-54 demographic, Budget classification, shows consistent In-Store activity and Clothing preference"
CUST0000012,Michael Smith,VIP,45-54,199.14,2022-07-22 08:19:37.545962,Mobile App,"VIP customer in 55-64 age bracket, prefers Online shopping with strong interest in Home & Garden"
CUST0000013,John Miller,Budget,45-54,334.57,2022-07-20 08:19:37.545962,Online,"65+ shopper classified as Budget segment, primarily uses Mobile App and frequently purchases Electronics"
CUST0000014,Mary Brown,Budget,25-34,2292.81,2025-07-07 08:19:37.545962,Mobile App,"Budget customer in 55-64 age bracket, prefers Online shopping with strong interest in Food & Beverages"
CUST0000015,David Brown,Standard,45-54,440.6,2022-11-04 08:19:37.545962,Mobile App,"25-34 shopper classified as Standard segment, primarily uses Hybrid and frequently purchases Automotive"
CUST0000016,William Brown,Budget,35-44,162.11,2023-04-16 08:19:37.545962,Hybrid,"Budget tier customer aged 55-64, loyal Online user with high engagement in Clothing products"
CUST0000017,James Rodriguez,Premium,18-24,76.66,2025-01-13 08:19:37.545962,Online,"Premium tier customer aged 45-54, loyal In-Store user with high engagement in Sports & Outdoors products"
CUST0000018,Jennifer Rodriguez,Standard,25-34,147.92,2024-04-28 08:19:37.545962,Hybrid,"35-44 shopper classified as Standard segment, primarily uses Online and frequently purchases Toys & Games"
CUST0000019,Linda Smith,Standard,65+,158.32,2021-02-06 08:19:37.545962,Online,"Standard tier customer aged 45-54, loyal In-Store user with high engagement in Home & Garden products"
CUST0000020,William Thomas,Budget,18-24,46.04,2022-01-30 08:19:37.545962,In-Store,"Budget tier customer aged 65+, loyal Hybrid user with high engagement in Clothing products"
CUST0000021,Robert Martinez,Standard,65+,773.04,2025-04-14 08:19:37.545962,Mobile App,"Standard customer in 65+ age bracket, prefers Mobile App shopping with strong interest in Automotive"
CUST0000022,James Williams,Standard,35-44,238.64,2023-08-21 08:19:37.545962,Hybrid,"65+ shopper classified as Standard segment, primarily uses Hybrid and frequently purchases Sports & Outdoors"
CUST0000023,Michael Thomas,Budget,35-44,326.55,2022-12-08 08:19:37.545962,Hybrid,"65+ shopper classified as Budget segment, primarily uses Online and frequently purchases Beauty & Personal Care"
CUST0000024,John Anderson,Standard,35-44,2539.62,2021-09-22 08:19:37.545962,Mobile App,"Standard customer in 35-44 age bracket, prefers In-Store shopping with strong interest in Toys & Games"
CUST0000025,William Wilson,Premium,18-24,1150.23,2024-01-24 08:19:37.545962,Hybrid,"25-34 shopper classified as Premium segment, primarily uses In-Store and frequently purchases Clothing"
CUST0000026,Barbara Smith,Standard,45-54,1425.05,2023-04-12 08:19:37.545962,In-Store,"45-54 demographic, Standard classification, shows consistent Online activity and Sports & Outdoors preference"
CUST0000027,Barbara Garcia,Budget,25-34,1921.78,2022-07-15 08:19:37.545962,Hybrid,"Budget tier customer aged 25-34, loyal Hybrid user with high engagement in Home & Garden products"
CUST0000028,Susan Thomas,Budget,35-44,322.2,2021-07-26 08:19:37.545962,Hybrid,"35-44 shopper classified as Budget segment, primarily uses Hybrid and frequently purchases Books & Media"
CUST0000029,Jessica Hernandez,Premium,65+,500.72,2024-07-04 08:19:37.545962,Mobile App,"Premium customer in 25-34 age bracket, prefers Online shopping with strong interest in Food & Beverages"
CUST0000030,Elizabeth Hernandez,Standard,65+,820.19,2024-03-12 08:19:37.545962,In-Store,"Standard customer in 65+ age bracket, prefers In-Store shopping with strong interest in Sports & Outdoors"
CUST0000031,Patricia Garcia,Premium,25-34,214.27,2022-03-09 08:19:37.545962,In-Store,"55-64 shopper classified as Premium segment, primarily uses Mobile App and frequently purchases Home & Garden"
CUST0000032,Barbara Brown,Standard,55-64,4309.7,2025-07-18 08:19:37.545962,In-Store,"25-34 shopper classified as Standard segment, primarily uses In-Store and frequently purchases Clothing"
CUST0000033,Richard Gonzalez,Standard,65+,138.06,2022-04-27 08:19:37.545962,In-Store,"Standard tier customer aged 45-54, loyal Hybrid user with high engagement in Clothing products"
CUST0000034,Richard Hernandez,Budget,35-44,109.49,2021-10-10 08:19:37.545962,Online,"Budget customer in 35-44 age bracket, prefers Online shopping with strong interest in Automotive"
CUST0000035,Joseph Jones,Budget,35-44,2353.9,2023-06-02 08:19:37.545962,In-Store,"Budget customer in 25-34 age bracket, prefers Hybrid shopping with strong interest in Home & Garden"
CUST0000036,Richard Rodriguez,Premium,65+,574.88,2025-03-14 08:19:37.545962,Online,"55-64 demographic, Premium classification, shows consistent Online activity and Home & Garden preference"
CUST0000037,David Johnson,Standard,45-54,1763.29,2021-12-26 08:19:37.545962,In-Store,"25-34 shopper classified as Standard segment, primarily uses Mobile App and frequently purchases Automotive"
CUST0000038,Barbara Martinez,Budget,18-24,1083.12,2022-10-06 08:19:37.545962,Mobile App,"Budget tier customer aged 45-54, loyal Mobile App user with high engagement in Automotive products"
CUST0000039,Joseph Brown,Budget,55-64,65.82,2021-12-06 08:19:37.545962,Mobile App,"Budget customer in 35-44 age bracket, prefers Mobile App shopping with strong interest in Books & Media"
CUST0000040,Linda Miller,Budget,55-64,182.08,2025-02-15 08:19:37.545962,Online,"Budget tier customer aged 25-34, loyal In-Store user with high engagement in Beauty & Personal Care products"
CUST0000041,Joseph Lopez,Standard,18-24,1474.11,2023-09-29 08:19:37.545962,Online,"Standard tier customer aged 25-34, loyal In-Store user with high engagement in Clothing products"
CUST0000042,Susan Brown,Standard,55-64,44.65,2024-12-18 08:19:37.545962,Hybrid,"Standard customer in 65+ age bracket, prefers Hybrid shopping with strong interest in Electronics"
CUST0000043,Barbara Miller,Budget,18-24,599.98,2023-11-25 08:19:37.545962,Mobile App,"18-24 demographic, Budget classification, shows consistent In-Store activity and Clothing preference"
CUST0000044,Mary Smith,Standard,25-34,424.89,2024-09-03 08:19:37.545962,Hybrid,"Standard customer in 18-24 age bracket, prefers In-Store shopping with strong interest in Home & Garden"
CUST0000045,Joseph Garcia,Premium,55-64,532.06,2021-08-21 08:19:37.545962,Hybrid,"65+ shopper classified as Premium segment, primarily uses Online and frequently purchases Electronics"
CUST0000046,Joseph Johnson,Standard,18-24,1937.43,2023-04-23 08:19:37.545962,Online,"35-44 demographic, Standard classification, shows consistent In-Store activity and Electronics preference"
CUST0000047,Elizabeth Johnson,VIP,45-54,51.18,2021-09-09 08:19:37.545962,Online,"VIP customer in 25-34 age bracket, prefers Mobile App shopping with strong interest in Toys & Games"
CUST0000048,Mary Jones,Standard,65+,216.12,2021-05-11 08:19:37.545962,Mobile App,"Standard customer in 55-64 age bracket, prefers Mobile App shopping with strong interest in Books & Media"
CUST0000049,William Brown,Standard,25-34,1903.79,2025-09-26 08:19:37.545962,Hybrid,"25-34 demographic, Standard classification, shows consistent Mobile App activity and Electronics preference"
CUST0000050,John Williams,Standard,45-54,1736.02,2021-01-05 08:19:37.545962,Hybrid,"35-44 demographic, Standard classification, shows consistent Online activity and Clothing preference"
CUST0000051,Jennifer Johnson,Budget,55-64,547.33,2024-12-04 08:19:37.545962,Hybrid,"Budget customer in 35-44 age bracket, prefers Online shopping with strong interest in Books & Media"
CUST0000052,Susan Thomas,Premium,35-44,182.75,2023-02-08 08:19:37.545962,In-Store,"Premium customer in 25-34 age bracket, prefers Hybrid shopping with strong interest in Automotive"
CUST0000053,David Martinez,Standard,25-34,450.97,2025-09-19 08:19:37.545962,Hybrid,"18-24 demographic, Standard classification, shows consistent Hybrid activity and Clothing preference"
CUST0000054,Richard Williams,Budget,55-64,727.43,2023-03-25 08:19:37.545962,Online,"25-34 demographic, Budget classification, shows consistent Mobile App activity and Toys & Games preference"
CUST0000055,Barbara Hernandez,Standard,18-24,566.92,2023-03-02 08:19:37.545962,In-Store,"55-64 shopper classified as Standard segment, primarily uses Hybrid and frequently purchases Automotive"
CUST0000056,John Garcia,Standard,35-44,582.43,2024-08-12 08:19:37.545962,Online,"Standard tier customer aged 25-34, loyal Hybrid user with high engagement in Toys & Games products"
CUST0000057,Jessica Wilson,Premium,55-64,1405.99,2022-11-10 08:19:37.545962,In-Store,"45-54 demographic, Premium classification, shows consistent Online activity and Automotive preference"
CUST0000058,Joseph Gonzalez,Standard,65+,843.67,2024-05-11 08:19:37.545962,In-Store,"18-24 shopper classified as Standard segment, primarily uses Mobile App and frequently purchases Sports & Outdoors"
CUST0000059,Jessica Wilson,Budget,35-44,614.46,2022-07-20 08:19:37.545962,Online,"18-24 demographic, Budget classification, shows consistent Hybrid activity and Electronics preference"
CUST0000060,James Davis,Budget,18-24,450.23,2021-11-02 08:19:37.545962,Online,"Budget customer in 18-24 age bracket, prefers Mobile App shopping with strong interest in Home & Garden"
CUST0000061,Patricia Rodriguez,Premium,35-44,1663.48,2021-07-17 08:19:37.545962,Hybrid,"55-64 shopper classified as Premium segment, primarily uses Online and frequently purchases Automotive"
CUST0000062,Joseph Wilson,Standard,65+,627.09,2021-11-29 08:19:37.545962,Hybrid,"Standard tier customer aged 35-44, loyal Online user with high engagement in Books & Media products"
CUST0000063,Linda Gonzalez,Budget,45-54,1789.94,2022-09-02 08:19:37.545962,Online,"Budget tier customer aged 25-34, loyal Mobile App user with high engagement in Health & Wellness products"
CUST0000064,David Lopez,Standard,35-44,337.49,2023-12-19 08:19:37.545962,In-Store,"Standard tier customer aged 65+, loyal Online user with high engagement in Health & Wellness products"
CUST0000065,Jennifer Gonzalez,VIP,35-44,1206.76,2021-04-22 08:19:37.545962,Mobile App,"VIP tier customer aged 25-34, loyal Hybrid user with high engagement in Home & Garden products"
CUST0000066,Jennifer Wilson,Premium,35-44,1083.93,2024-09-10 08:19:37.545962,Hybrid,"Premium customer in 65+ age bracket, prefers In-Store shopping with strong interest in Home & Garden"
CUST0000067,William Lopez,Standard,65+,302.02,2025-10-05 08:19:37.545962,Hybrid,"Standard tier customer aged 35-44, loyal Online user with high engagement in Health & Wellness products"
CUST0000068,Patricia Hernandez,Budget,25-34,489.21,2021-09-11 08:19:37.545962,Mobile App,"Budget tier customer aged 65+, loyal Mobile App user with high engagement in Clothing products"
CUST0000069,Linda Brown,Standard,45-54,290.58,2023-09-01 08:19:37.545962,In-Store,"Standard tier customer aged 45-54, loyal In-Store user with high engagement in Health & Wellness products"
CUST0000070,Michael Johnson,Budget,55-64,244.71,2025-09-16 08:19:37.545962,Online,"Budget tier customer aged 65+, loyal Mobile App user with high engagement in Food & Beverages products"
CUST0000071,William Lopez,Premium,18-24,3732.46,2022-06-27 08:19:37.545962,Hybrid,"Premium customer in 45-54 age bracket, prefers Online shopping with strong interest in Automotive"
CUST0000072,Robert Brown,Standard,65+,927.3,2025-06-04 08:19:37.545962,Mobile App,"55-64 shopper classified as Standard segment, primarily uses Mobile App and frequently purchases Sports & Outdoors"
CUST0000073,Barbara Garcia,Standard,25-34,919.14,2021-01-27 08:19:37.545962,Mobile App,"Standard customer in 45-54 age bracket, prefers In-Store shopping with strong interest in Automotive"
CUST0000074,Linda Williams,Standard,65+,2124.59,2023-10-13 08:19:37.545962,Online,"18-24 demographic, Standard classification, shows consistent Online activity and Health & Wellness preference"
CUST0000075,James Anderson,Standard,55-64,612.67,2022-07-22 08:19:37.545962,Mobile App,"Standard tier customer aged 35-44, loyal Hybrid user with high engagement in Sports & Outdoors products"
CUST0000076,Mary Hernandez,Standard,25-34,3104.94,2022-01-11 08:19:37.545962,In-Store,"Standard customer in 45-54 age bracket, prefers Mobile App shopping with strong interest in Toys & Games"
CUST0000077,John Williams,Premium,25-34,926.12,2024-02-17 08:19:37.545962,In-Store,"Premium customer in 55-64 age bracket, prefers Mobile App shopping with strong interest in Clothing"
CUST0000078,Elizabeth Williams,Standard,25-34,653.65,2023-12-24 08:19:37.545962,In-Store,"35-44 demographic, Standard classification, shows consistent Mobile App activity and Automotive preference"
CUST0000079,Patricia Gonzalez,Standard,35-44,1169.82,2022-12-29 08:19:37.545962,Mobile App,"35-44 shopper classified as Standard segment, primarily uses Mobile App and frequently purchases Beauty & Personal Care"
CUST0000080,James Brown,Standard,35-44,499.2,2025-01-18 08:19:37.545962,Hybrid,"Standard tier customer aged 65+, loyal Hybrid user with high engagement in Home & Garden products"
CUST0000081,Mary Davis,Standard,18-24,203.9,2025-06-21 08:19:37.545962,Online,"Standard tier customer aged 18-24, loyal Online user with high engagement in Electronics products"
CUST0000082,Michael Brown,Standard,35-44,1451.47,2023-06-19 08:19:37.545962,Mobile App,"Standard tier customer aged 18-24, loyal Online user with high engagement in Beauty & Personal Care products"
CUST0000083,Patricia Brown,Standard,35-44,547.09,2021-06-09 08:19:37.545962,Online,"18-24 demographic, Standard classification, shows consistent In-Store activity and Food & Beverages preference"
CUST0000084,William Hernandez,Budget,25-34,922.73,2022-03-21 08:19:37.545962,Mobile App,"Budget customer in 18-24 age bracket, prefers Hybrid shopping with strong interest in Sports & Outdoors"
CUST0000085,Patricia Gonzalez,Standard,45-54,626.56,2021-02-23 08:19:37.545962,In-Store,"65+ demographic, Standard classification, shows consistent Online activity and Food & Beverages preference"
CUST0000086,James Williams,Standard,35-44,201.53,2024-05-27 08:19:37.545962,Mobile App,"Standard customer in 45-54 age bracket, prefers Online shopping with strong interest in Sports & Outdoors"
CUST0000087,Richard Anderson,Standard,25-34,1911.86,2025-05-11 08:19:37.545962,Online,"Standard customer in 55-64 age bracket, prefers Hybrid shopping with strong interest in Books & Media"
CUST0000088,David Martinez,Standard,65+,1378.94,2023-04-01 08:19:37.545962,Online,"18-24 demographic, Standard classification, shows consistent Mobile App activity and Sports & Outdoors preference"
CUST0000089,Robert Brown,Standard,35-44,2250.5,2024-03-24 08:19:37.545962,Hybrid,"Standard tier customer aged 45-54, loyal Hybrid user with high engagement in Electronics products"
CUST0000090,Joseph Martinez,Standard,35-44,737.07,2024-10-14 08:19:37.545962,Hybrid,"Standard customer in 45-54 age bracket, prefers Mobile App shopping with strong interest in Automotive"
CUST0000091,Joseph Anderson,Budget,65+,1594.17,2021-07-29 08:19:37.545962,Online,"65+ shopper classified as Budget segment, primarily uses Mobile App and frequently purchases Toys & Games"
CUST0000092,James Lopez,Standard,65+,780.55,2022-11-19 08:19:37.545962,In-Store,"Standard tier customer aged 35-44, loyal Mobile App user with high engagement in Automotive products"
CUST0000093,David Smith,Premium,65+,562.98,2021-09-11 08:19:37.545962,Hybrid,"Premium customer in 35-44 age bracket, prefers In-Store shopping with strong interest in Automotive"
CUST0000094,Elizabeth Rodriguez,Budget,45-54,578.5,2024-03-09 08:19:37.545962,In-Store,"55-64 demographic, Budget classification, shows consistent Hybrid activity and Electronics preference"
CUST0000095,Jessica Smith,Standard,45-54,3556.04,2023-02-28 08:19:37.545962,Online,"Standard customer in 18-24 age bracket, prefers Hybrid shopping with strong interest in Sports & Outdoors"
CUST0000096,Jennifer Smith,Premium,45-54,2088.91,2021-01-25 08:19:37.545962,In-Store,"65+ demographic, Premium classification, shows consistent In-Store activity and Electronics preference"
CUST0000097,Linda Hernandez,Standard,45-54,219.64,2024-09-07 08:19:37.545962,In-Store,"Standard tier customer aged 25-34, loyal Hybrid user with high engagement in Beauty & Personal Care products"
CUST0000098,John Gonzalez,Budget,65+,1488.33,2022-09-20 08:19:37.545962,Mobile App,"25-34 demographic, Budget classification, shows consistent Online activity and Home & Garden preference"
CUST0000099,James Williams,VIP,18-24,2328.92,2021-09-09 08:19:37.545962,Mobile App,"VIP customer in 18-24 age bracket, prefers Hybrid shopping with strong interest in Automotive"
CUST0000100,Jennifer Anderson,Standard,45-54,1584.75,2025-05-10 08:19:37.545962,Hybrid,"55-64 shopper classified as Standard segment, primarily uses Online and frequently purchases Food & Beverages"
CUST0000101,William Rodriguez,VIP,65+,1719.18,2024-11-02 08:19:37.545962,Mobile App,"35-44 demographic, VIP classification, shows consistent Mobile App activity and Books & Media preference"
CUST0000102,Jessica Martinez,Standard,18-24,947.67,2024-10-09 08:19:37.545962,Hybrid,"45-54 demographic, Standard classification, shows consistent Online activity and Automotive preference"
CUST0000103,Elizabeth Anderson,Standard,45-54,495.14,2025-04-21 08:19:37.545962,Hybrid,"35-44 shopper classified as Standard segment, primarily uses Online and frequently purchases Home & Garden"
CUST0000104,Jessica Wilson,Standard,35-44,4161.02,2025-08-31 08:19:37.545962,Online,"Standard customer in 18-24 age bracket, prefers Online shopping with strong interest in Clothing"
CUST0000105,Richard Gonzalez,Budget,35-44,1196.14,2023-02-15 08:19:37.545962,Hybrid,"35-44 demographic, Budget classification, shows consistent Hybrid activity and Home & Garden preference"
CUST0000106,Barbara Davis,Budget,25-34,1618.59,2025-09-02 08:19:37.545962,In-Store,"Budget tier customer aged 25-34, loyal In-Store user with high engagement in Toys & Games products"
CUST0000107,Jennifer Rodriguez,Premium,35-44,91.67,2024-12-29 08:19:37.545962,In-Store,"35-44 demographic, Premium classification, shows consistent Online activity and Toys & Games preference"
CUST0000108,Michael Anderson,Standard,25-34,1561.63,2022-10-18 08:19:37.545962,Mobile App,"Standard customer in 25-34 age bracket, prefers Hybrid shopping with strong interest in Toys & Games"
CUST0000109,Jessica Wilson,Standard,45-54,307.75,2024-11-06 08:19:37.545962,Hybrid,"Standard customer in 45-54 age bracket, prefers Mobile App shopping with strong interest in Sports & Outdoors"
CUST0000110,Robert Martinez,Premium,18-24,249.07,2024-01-05 08:19:37.545962,Online,"55-64 shopper classified as Premium segment, primarily uses Online and frequently purchases Beauty & Personal Care"
CUST0000111,Patricia Lopez,Standard,65+,339.46,2025-04-18 08:19:37.545962,Hybrid,"Standard tier customer aged 18-24, loyal In-Store user with high engagement in Automotive products"
CUST0000112,Patricia Lopez,Budget,65+,936.76,2023-05-24 08:19:37.545962,Hybrid,"35-44 demographic, Budget classification, shows consistent In-Store activity and Electronics preference"
CUST0000113,Jennifer Williams,Standard,65+,196.89,2023-03-11 08:19:37.545962,Mobile App,"Standard customer in 65+ age bracket, prefers Mobile App shopping with strong interest in Beauty & Personal Care"
CUST0000114,William Martinez,Standard,55-64,1113.9,2021-08-31 08:19:37.545962,In-Store,"55-64 shopper classified as Standard segment, primarily uses Mobile App and frequently purchases Home & Garden"
CUST0000115,James Martinez,Standard,45-54,6074.12,2021-06-28 08:19:37.545962,In-Store,"25-34 shopper classified as Standard segment, primarily uses Mobile App and frequently purchases Books & Media"
CUST0000116,Susan Brown,Premium,65+,414.53,2021-08-05 08:19:37.545962,In-Store,"Premium customer in 55-64 age bracket, prefers In-Store shopping with strong interest in Sports & Outdoors"
CUST0000117,Patricia Martinez,Premium,55-64,4964.44,2021-06-16 08:19:37.545962,Hybrid,"65+ shopper classified as Premium segment, primarily uses Hybrid and frequently purchases Electronics"
CUST0000118,Robert Miller,VIP,55-64,642.05,2021-10-15 08:19:37.545962,Hybrid,"VIP tier customer aged 35-44, loyal Mobile App user with high engagement in Toys & Games products"
CUST0000119,David Miller,Standard,55-64,672.66,2020-12-18 08:19:37.545962,Mobile App,"Standard customer in 45-54 age bracket, prefers Hybrid shopping with strong interest in Electronics"
CUST0000120,Richard Davis,Budget,35-44,1105.0,2021-02-21 08:19:37.545962,Online,"25-34 demographic, Budget classification, shows consistent In-Store activity and Electronics preference"
CUST0000121,Richard Jones,Standard,25-34,1903.31,2025-01-18 08:19:37.545962,Online,"Standard tier customer aged 45-54, loyal Online user with high engagement in Health & Wellness products"
CUST0000122,Barbara Johnson,Budget,25-34,1165.0,2022-05-29 08:19:37.545962,In-Store,"Budget customer in 55-64 age bracket, prefers Hybrid shopping with strong interest in Beauty & Personal Care"
CUST0000123,Susan Davis,Standard,45-54,292.24,2020-12-23 08:19:37.545962,Online,"Standard tier customer aged 25-34, loyal Mobile App user with high engagement in Health & Wellness products"
CUST0000124,Elizabeth Gonzalez,Standard,18-24,431.16,2022-01-16 08:19:37.545962,In-Store,"Standard customer in 55-64 age bracket, prefers In-Store shopping with strong interest in Sports & Outdoors"
CUST0000125,Joseph Johnson,Standard,18-24,2148.26,2024-03-03 08:19:37.545962,In-Store,"Standard customer in 45-54 age bracket, prefers In-Store shopping with strong interest in Home & Garden"
CUST0000126,Jessica Martinez,Premium,45-54,458.58,2021-01-27 08:19:37.545962,In-Store,"35-44 shopper classified as Premium segment, primarily uses Hybrid and frequently purchases Clothing"
CUST0000127,Jessica Davis,Standard,18-24,1164.02,2023-03-25 08:19:37.545962,Hybrid,"Standard tier customer aged 45-54, loyal Online user with high engagement in Sports & Outdoors products"
CUST0000128,Barbara Williams,Premium,55-64,2983.41,2025-06-16 08:19:37.545962,Mobile App,"25-34 shopper classified as Premium segment, primarily uses In-Store and frequently purchases Books & Media"
CUST0000129,Barbara Garcia,VIP,18-24,897.4,2021-05-27 08:19:37.545962,In-Store,"25-34 demographic, VIP classification, shows consistent Hybrid activity and Beauty & Personal Care preference"
CUST0000130,Jessica Williams,Budget,55-64,1079.98,2021-12-23 08:19:37.545962,Online,"Budget customer in 45-54 age bracket, prefers In-Store shopping with strong interest in Home & Garden"
CUST0000131,Michael Thomas,Standard,35-44,1614.76,2021-03-01 08:19:37.545962,Hybrid,"65+ demographic, Standard classification, shows consistent In-Store activity and Electronics preference"
CUST0000132,James Johnson,Standard,65+,1256.95,2025-09-25 08:19:37.545962,Mobile App,"55-64 shopper classified as Standard segment, primarily uses Online and frequently purchases Books & Media"
CUST0000133,John Smith,Standard,35-44,9955.26,2024-08-19 08:19:37.545962,Hybrid,"Standard tier customer aged 65+, loyal Hybrid user with high engagement in Books & Media products"
CUST0000134,Elizabeth Anderson,Standard,65+,5058.62,2022-12-19 08:19:37.545962,Mobile App,"Standard customer in 65+ age bracket, prefers Mobile App shopping with strong interest in Home & Garden"
CUST0000135,James Hernandez,Standard,25-34,680.85,2021-07-01 08:19:37.545962,Hybrid,"Standard tier customer aged 65+, loyal Hybrid user with high engagement in Electronics products"
CUST0000136,Mary Johnson,Standard,18-24,15048.71,2022-07-15 08:19:37.545962,Online,"35-44 demographic, Standard classification, shows consistent Hybrid activity and Automotive preference"
CUST0000137,Michael Jones,Standard,18-24,620.48,2024-06-20 08:19:37.545962,Mobile App,"Standard customer in 45-54 age bracket, prefers Mobile App shopping with strong interest in Beauty & Personal Care"
CUST0000138,Michael Smith,Standard,25-34,242.18,2025-01-22 08:19:37.545962,In-Store,"25-34 demographic, Standard classification, shows consistent In-Store activity and Health & Wellness preference"
CUST0000139,Barbara Smith,Budget,25-34,1469.9,2021-09-05 08:19:37.545962,Hybrid,"Budget tier customer aged 55-64, loyal Hybrid user with high engagement in Food & Beverages products"
CUST0000140,Jessica Davis,Standard,35-44,240.82,2023-08-06 08:19:37.545962,In-Store,"Standard customer in 55-64 age bracket, prefers Online shopping with strong interest in Electronics"
CUST0000141,William Garcia,Standard,65+,2225.33,2024-09-18 08:19:37.545962,Online,"Standard tier customer aged 65+, loyal Hybrid user with high engagement in Automotive products"
CUST0000142,Mary Johnson,Standard,25-34,10.33,2021-06-21 08:19:37.545962,Mobile App,"Standard tier customer aged 18-24, loyal Mobile App user with high engagement in Food & Beverages products"
CUST0000143,Linda Rodriguez,Standard,65+,193.37,2025-08-18 08:19:37.545962,Hybrid,"45-54 demographic, Standard classification, shows consistent Hybrid activity and Health & Wellness preference"
CUST0000144,William Smith,Budget,35-44,138.68,2023-11-18 08:19:37.545962,Hybrid,"Budget tier customer aged 65+, loyal Online user with high engagement in Health & Wellness products"
CUST0000145,Robert Brown,Standard,45-54,3832.86,2021-12-05 08:19:37.545962,In-Store,"18-24 shopper classified as Standard segment, primarily uses In-Store and frequently purchases Beauty & Personal Care"
CUST0000146,Joseph Williams,Budget,18-24,557.99,2021-10-24 08:19:37.545962,Online,"Budget customer in 25-34 age bracket, prefers Hybrid shopping with strong interest in Beauty & Personal Care"
CUST0000147,John Davis,Budget,45-54,59.76,2024-01-10 08:19:37.545962,In-Store,"25-34 shopper classified as Budget segment, primarily uses In-Store and frequently purchases Home & Garden"
CUST0000148,John Gonzalez,Standard,25-34,2106.26,2022-05-08 08:19:37.545962,Hybrid,"25-34 demographic, Standard classification, shows consistent Mobile App activity and Sports & Outdoors preference"
CUST0000149,Robert Thomas,Budget,65+,1073.11,2023-05-03 08:19:37.545962,In-Store,"Budget customer in 55-64 age bracket, prefers Online shopping with strong interest in Toys & Games"
CUST0000150,James Hernandez,Budget,45-54,1292.07,2025-01-08 08:19:37.545962,Hybrid,"Budget customer in 25-34 age bracket, prefers In-Store shopping with strong interest in Automotive"
CUST0000151,Jennifer Wilson,Standard,25-34,74.24,2021-02-08 08:19:37.545962,Hybrid,"Standard customer in 18-24 age bracket, prefers Mobile App shopping with strong interest in Clothing"
CUST0000152,William Rodriguez,Standard,25-34,704.58,2022-08-04 08:19:37.545962,Hybrid,"65+ shopper classified as Standard segment, primarily uses Hybrid and frequently purchases Toys & Games"
CUST0000153,Linda Hernandez,Standard,18-24,93.88,2021-02-04 08:19:37.545962,Mobile App,"Standard customer in 35-44 age bracket, prefers Hybrid shopping with strong interest in Food & Beverages"
CUST0000154,Elizabeth Anderson,Budget,45-54,1731.11,2022-06-18 08:19:37.545962,Hybrid,"Budget customer in 65+ age bracket, prefers Mobile App shopping with strong interest in Health & Wellness"
CUST0000155,Robert Garcia,Standard,55-64,102.71,2025-08-01 08:19:37.545962,In-Store,"Standard customer in 45-54 age bracket, prefers Hybrid shopping with strong interest in Beauty & Personal Care"
CUST0000156,Linda Johnson,Premium,25-34,1200.12,2021-07-25 08:19:37.545962,Mobile App,"Premium customer in 25-34 age bracket, prefers Mobile App shopping with strong interest in Toys & Games"
CUST0000157,John Wilson,Budget,25-34,575.03,2025-03-07 08:19:37.545962,Hybrid,"65+ demographic, Budget classification, shows consistent Online activity and Sports & Outdoors preference"
CUST0000158,David Davis,Premium,25-34,834.6,2025-08-27 08:19:37.545962,In-Store,"Premium customer in 35-44 age bracket, prefers Online shopping with strong interest in Health & Wellness"
CUST0000159,John Gonzalez,Budget,25-34,506.89,2024-10-29 08:19:37.545962,Online,"25-34 shopper classified as Budget segment, primarily uses In-Store and frequently purchases Food & Beverages"
CUST0000160,Patricia Williams,Standard,18-24,1187.17,2022-09-14 08:19:37.545962,Mobile App,"Standard customer in 25-34 age bracket, prefers Mobile App shopping with strong interest in Beauty & Personal Care"
CUST0000161,Michael Thomas,Budget,65+,495.27,2023-03-23 08:19:37.545962,Online,"18-24 demographic, Budget classification, shows consistent Hybrid activity and Clothing preference"
CUST0000162,Patricia Miller,Standard,55-64,431.42,2024-01-25 08:19:37.545962,In-Store,"45-54 shopper classified as Standard segment, primarily uses Hybrid and frequently purchases Books & Media"
CUST0000163,Jessica Lopez,Standard,25-34,398.91,2024-11-01 08:19:37.545962,Mobile App,"25-34 demographic, Standard classification, shows consistent Online activity and Electronics preference"
CUST0000164,Susan Smith,Standard,35-44,2283.74,2022-05-27 08:19:37.545962,Online,"Standard customer in 35-44 age bracket, prefers Mobile App shopping with strong interest in Clothing"
CUST0000165,William Martinez,Budget,25-34,339.35,2021-12-30 08:19:37.545962,In-Store,"25-34 demographic, Budget classification, shows consistent Online activity and Books & Media preference"
CUST0000166,Michael Martinez,Budget,55-64,188.35,2021-04-17 08:19:37.545962,Mobile App,"Budget tier customer aged 35-44, loyal In-Store user with high engagement in Sports & Outdoors products"
CUST0000167,James Anderson,Budget,45-54,935.31,2023-02-04 08:19:37.545962,Online,"35-44 shopper classified as Budget segment, primarily uses Online and frequently purchases Sports & Outdoors"
CUST0000168,William Garcia,Budget,35-44,665.25,2024-07-03 08:19:37.545962,Online,"25-34 demographic, Budget classification, shows consistent Hybrid activity and Books & Media preference"
CUST0000169,Barbara Thomas,Standard,25-34,1134.42,2023-07-03 08:19:37.545962,Hybrid,"Standard customer in 55-64 age bracket, prefers Mobile App shopping with strong interest in Sports & Outdoors"
CUST0000170,Jessica Hernandez,Budget,45-54,69.86,2024-01-28 08:19:37.545962,Mobile App,"Budget tier customer aged 65+, loyal Mobile App user with high engagement in Sports & Outdoors products"
CUST0000171,James Miller,Budget,65+,1831.33,2021-09-30 08:19:37.545962,In-Store,"55-64 shopper classified as Budget segment, primarily uses In-Store and frequently purchases Clothing"
CUST0000172,Jessica Martinez,Standard,18-24,648.51,2021-03-23 08:19:37.545962,Online,"65+ shopper classified as Standard segment, primarily uses Mobile App and frequently purchases Toys & Games"
CUST0000173,David Hernandez,VIP,35-44,197.44,2025-04-07 08:19:37.545962,In-Store,"VIP tier customer aged 45-54, loyal Online user with high engagement in Books & Media products"
CUST0000174,Barbara Brown,Budget,35-44,831.12,2024-02-25 08:19:37.545962,In-Store,"55-64 demographic, Budget classification, shows consistent Online activity and Health & Wellness preference"
CUST0000175,James Wilson,Premium,65+,693.38,2022-02-07 08:19:37.545962,Online,"Premium tier customer aged 25-34, loyal Online user with high engagement in Clothing products"
CUST0000176,Patricia Hernandez,Premium,18-24,1172.62,2023-05-23 08:19:37.545962,Online,"Premium tier customer aged 35-44, loyal In-Store user with high engagement in Food & Beverages products"
CUST0000177,James Anderson,Standard,25-34,2445.2,2021-12-05 08:19:37.545962,Online,"18-24 shopper classified as Standard segment, primarily uses Hybrid and frequently purchases Books & Media"
CUST0000178,Jennifer Miller,Premium,65+,192.23,2024-09-23 08:19:37.545962,Online,"Premium customer in 18-24 age bracket, prefers Online shopping with strong interest in Sports & Outdoors"
CUST0000179,Susan Lopez,Premium,45-54,4985.69,2022-02-11 08:19:37.545962,In-Store,"Premium tier customer aged 35-44, loyal Online user with high engagement in Automotive products"
CUST0000180,Robert Hernandez,Standard,65+,2608.61,2023-10-07 08:19:37.545962,Hybrid,"35-44 shopper classified as Standard segment, primarily uses Hybrid and frequently purchases Food & Beverages"
CUST0000181,John Williams,Budget,65+,365.38,2022-08-01 08:19:37.545962,Mobile App,"25-34 demographic, Budget classification, shows consistent In-Store activity and Clothing preference"
CUST0000182,John Davis,Standard,55-64,2217.92,2023-08-30 08:19:37.545962,Mobile App,"Standard tier customer aged 25-34, loyal In-Store user with high engagement in Beauty & Personal Care products"
CUST0000183,Jessica Martinez,Budget,25-34,1133.64,2024-01-20 08:19:37.545962,Online,"35-44 shopper classified as Budget segment, primarily uses Online and frequently purchases Sports & Outdoors"
CUST0000184,Linda Smith,Standard,18-24,72.01,2024-07-02 08:19:37.545962,Mobile App,"Standard tier customer aged 45-54, loyal Hybrid user with high engagement in Electronics products"
CUST0000185,Michael Rodriguez,Standard,45-54,2367.81,2022-01-10 08:19:37.545962,In-Store,"Standard tier customer aged 65+, loyal Online user with high engagement in Toys & Games products"
CUST0000186,Robert Williams,Budget,45-54,902.26,2025-03-27 08:19:37.545962,Mobile App,"Budget tier customer aged 55-64, loyal Online user with high engagement in Sports & Outdoors products"
CUST0000187,Joseph Garcia,VIP,65+,646.51,2025-10-05 08:19:37.545962,Mobile App,"VIP tier customer aged 18-24, loyal Online user with high engagement in Automotive products"
CUST0000188,Susan Anderson,Standard,45-54,1707.56,2024-05-07 08:19:37.545962,Online,"Standard tier customer aged 18-24, loyal Online user with high engagement in Beauty & Personal Care products"
CUST0000189,Richard Lopez,Standard,25-34,163.7,2023-06-30 08:19:37.545962,Online,"Standard tier customer aged 18-24, loyal Mobile App user with high engagement in Home & Garden products"
CUST0000190,John Miller,Premium,55-64,300.19,2024-06-02 08:19:37.545962,In-Store,"Premium tier customer aged 25-34, loyal In-Store user with high engagement in Home & Garden products"
CUST0000191,Jessica Thomas,Budget,25-34,562.42,2025-07-25 08:19:37.545962,Hybrid,"Budget tier customer aged 55-64, loyal Hybrid user with high engagement in Health & Wellness products"
CUST0000192,John Davis,Budget,25-34,569.28,2022-10-21 08:19:37.545962,Online,"45-54 demographic, Budget classification, shows consistent Hybrid activity and Home & Garden preference"
CUST0000193,John Martinez,Budget,65+,266.51,2021-12-17 08:19:37.545962,Mobile App,"Budget customer in 65+ age bracket, prefers Mobile App shopping with strong interest in Sports & Outdoors"
CUST0000194,Jessica Gonzalez,Standard,55-64,656.15,2023-07-22 08:19:37.545962,In-Store,"Standard tier customer aged 35-44, loyal In-Store user with high engagement in Home & Garden products"
CUST0000195,Barbara Hernandez,Standard,55-64,5394.82,2024-04-08 08:19:37.545962,In-Store,"Standard tier customer aged 35-44, loyal Mobile App user with high engagement in Toys & Games products"
CUST0000196,Elizabeth Rodriguez,Standard,45-54,334.52,2021-06-15 08:19:37.545962,In-Store,"Standard tier customer aged 55-64, loyal Online user with high engagement in Toys & Games products"
CUST0000197,Linda Anderson,Budget,35-44,699.08,2022-05-06 08:19:37.545962,Mobile App,"Budget tier customer aged 45-54, loyal Online user with high engagement in Electronics products"
CUST0000198,Susan Lopez,Standard,45-54,585.91,2022-11-26 08:19:37.545962,Hybrid,"Standard customer in 65+ age bracket, prefers Hybrid shopping with strong interest in Electronics"
CUST0000199,Robert Gonzalez,Premium,45-54,410.28,2021-10-16 08:19:37.545962,Hybrid,"35-44 demographic, Premium classification, shows consistent Hybrid activity and Clothing preference"
CUST0000200,Jennifer Smith,Standard,18-24,18705.66,2023-11-15 08:19:37.545962,Hybrid,"65+ shopper classified as Standard segment, primarily uses In-Store and frequently purchases Electronics"
CUST0000201,David Martinez,Standard,55-64,748.61,2021-06-29 08:19:37.545962,Hybrid,"18-24 shopper classified as Standard segment, primarily uses Hybrid and frequently purchases Electronics"
CUST0000202,Patricia Garcia,Budget,25-34,6073.86,2023-05-09 08:19:37.545962,Mobile App,"55-64 shopper classified as Budget segment, primarily uses Mobile App and frequently purchases Automotive"
CUST0000203,William Gonzalez,Budget,45-54,116.06,2023-04-30 08:19:37.545962,In-Store,"Budget customer in 18-24 age bracket, prefers Hybrid shopping with strong interest in Electronics"
CUST0000204,Barbara Jones,Premium,25-34,753.62,2025-02-19 08:19:37.545962,Online,"Premium customer in 25-34 age bracket, prefers Hybrid shopping with strong interest in Toys & Games"
CUST0000205,Jessica Thomas,Standard,35-44,229.2,2022-06-06 08:19:37.545962,In-Store,"45-54 demographic, Standard classification, shows consistent Online activity and Home & Garden preference"
CUST0000206,John Brown,Premium,18-24,235.08,2023-09-05 08:19:37.545962,Mobile App,"Premium customer in 55-64 age bracket, prefers Hybrid shopping with strong interest in Food & Beverages"
CUST0000207,Linda Brown,Standard,18-24,715.04,2024-06-08 08:19:37.545962,Online,"55-64 demographic, Standard classification, shows consistent Mobile App activity and Food & Beverages preference"
CUST0000208,Mary Davis,Budget,45-54,8799.86,2025-05-14 08:19:37.545962,Mobile App,"55-64 demographic, Budget classification, shows consistent Hybrid activity and Electronics preference"
CUST0000209,Joseph Garcia,Standard,18-24,567.56,2022-02-19 08:19:37.545962,Online,"Standard tier customer aged 55-64, loyal Hybrid user with high engagement in Books & Media products"
CUST0000210,William Gonzalez,Premium,25-34,4268.02,2025-06-18 08:19:37.545962,Mobile App,"Premium tier customer aged 55-64, loyal Hybrid user with high engagement in Home & Garden products"
CUST0000211,Linda Thomas,Standard,18-24,1603.97,2023-01-05 08:19:37.545962,Mobile App,"Standard customer in 25-34 age bracket, prefers Mobile App shopping with strong interest in Books & Media"
CUST0000212,David Garcia,Standard,55-64,1155.05,2021-06-09 08:19:37.545962,Online,"Standard tier customer aged 45-54, loyal Online user with high engagement in Food & Beverages products"
CUST0000213,Joseph Hernandez,VIP,35-44,245.77,2025-07-05 08:19:37.545962,Online,"18-24 shopper classified as VIP segment, primarily uses Mobile App and frequently purchases Automotive"
CUST0000214,Michael Jones,Standard,45-54,1163.45,2024-04-06 08:19:37.545962,Mobile App,"55-64 shopper classified as Standard segment, primarily uses Hybrid and frequently purchases Health & Wellness"
CUST0000215,Richard Williams,Budget,55-64,314.45,2024-03-26 08:19:37.545962,Hybrid,"55-64 demographic, Budget classification, shows consistent Online activity and Food & Beverages preference"
CUST0000216,Patricia Smith,Standard,35-44,2072.77,2023-03-01 08:19:37.545962,Hybrid,"Standard customer in 25-34 age bracket, prefers Hybrid shopping with strong interest in Books & Media"
CUST0000217,Barbara Rodriguez,Standard,65+,50.32,2023-03-31 08:19:37.545962,Hybrid,"55-64 shopper classified as Standard segment, primarily uses Online and frequently purchases Health & Wellness"
CUST0000218,Joseph Gonzalez,Standard,18-24,392.46,2023-01-25 08:19:37.545962,Online,"45-54 demographic, Standard classification, shows consistent Hybrid activity and Automotive preference"
CUST0000219,John Davis,Budget,35-44,1313.05,2024-06-07 08:19:37.545962,Online,"45-54 shopper classified as Budget segment, primarily uses Online and frequently purchases Electronics"
CUST0000220,Patricia Miller,Standard,18-24,9930.0,2023-08-04 08:19:37.545962,In-Store,"65+ shopper classified as Standard segment, primarily uses Hybrid and frequently purchases Home & Garden"
CUST0000221,Elizabeth Brown,Standard,45-54,310.8,2023-06-23 08:19:37.545962,In-Store,"18-24 shopper classified as Standard segment, primarily uses In-Store and frequently purchases Health & Wellness"
CUST0000222,Elizabeth Rodriguez,Standard,18-24,1190.41,2021-08-02 08:19:37.545962,Hybrid,"18-24 demographic, Standard classification, shows consistent In-Store activity and Books & Media preference"
CUST0000223,David Anderson,Standard,45-54,297.0,2025-03-27 08:19:37.545962,Mobile App,"55-64 demographic, Standard classification, shows consistent Mobile App activity and Toys & Games preference"
CUST0000224,Barbara Thomas,Premium,55-64,316.49,2025-01-20 08:19:37.545962,In-Store,"Premium customer in 45-54 age bracket, prefers Online shopping with strong interest in Food & Beverages"
CUST0000225,Susan Wilson,Budget,55-64,738.26,2025-08-07 08:19:37.545962,Hybrid,"Budget customer in 35-44 age bracket, prefers Mobile App shopping with strong interest in Home & Garden"
CUST0000226,William Hernandez,Budget,25-34,136.03,2024-11-30 08:19:37.545962,Hybrid,"55-64 shopper classified as Budget segment, primarily uses Mobile App and frequently purchases Sports & Outdoors"
CUST0000227,Jennifer Lopez,Standard,45-54,955.87,2025-06-18 08:19:37.545962,Online,"25-34 demographic, Standard classification, shows consistent Mobile App activity and Sports & Outdoors preference"
CUST0000228,Robert Garcia,Budget,18-24,1703.83,2024-05-14 08:19:37.545962,In-Store,"45-54 shopper classified as Budget segment, primarily uses Mobile App and frequently purchases Clothing"
CUST0000229,Patricia Rodriguez,Budget,35-44,133.36,2024-05-23 08:19:37.545962,In-Store,"Budget customer in 18-24 age bracket, prefers Mobile App shopping with strong interest in Clothing"
CUST0000230,Elizabeth Hernandez,Budget,25-34,1638.01,2025-06-19 08:19:37.545962,Mobile App,"65+ shopper classified as Budget segment, primarily uses Mobile App and frequently purchases Automotive"
CUST0000231,Jessica Rodriguez,Budget,65+,589.5,2023-07-08 08:19:37.545962,Mobile App,"25-34 shopper classified as Budget segment, primarily uses Hybrid and frequently purchases Clothing"
CUST0000232,Richard Johnson,Budget,25-34,501.51,2021-09-20 08:19:37.545962,In-Store,"18-24 demographic, Budget classification, shows consistent Mobile App activity and Health & Wellness preference"
CUST0000233,Jessica Miller,Premium,45-54,2496.9,2021-07-03 08:19:37.545962,In-Store,"45-54 demographic, Premium classification, shows consistent Hybrid activity and Toys & Games preference"
CUST0000234,Richard Wilson,Standard,25-34,640.23,2024-11-06 08:19:37.545962,Online,"25-34 demographic, Standard classification, shows consistent Online activity and Beauty & Personal Care preference"
CUST0000235,Richard Johnson,Standard,55-64,1125.76,2021-02-03 08:19:37.545962,Mobile App,"55-64 demographic, Standard classification, shows consistent Mobile App activity and Food & Beverages preference"
CUST0000236,Robert Gonzalez,Standard,18-24,423.19,2021-06-02 08:19:37.545962,Mobile App,"Standard tier customer aged 25-34, loyal Online user with high engagement in Automotive products"
CUST0000237,Barbara Davis,Standard,18-24,1485.08,2021-09-02 08:19:37.545962,Mobile App,"Standard tier customer aged 18-24, loyal Online user with high engagement in Sports & Outdoors products"
CUST0000238,Mary Jones,Standard,18-24,499.87,2022-07-08 08:19:37.545962,Mobile App,"45-54 shopper classified as Standard segment, primarily uses Hybrid and frequently purchases Home & Garden"
CUST0000239,Susan Thomas,Standard,35-44,196.71,2025-04-29 08:19:37.545962,In-Store,"45-54 shopper classified as Standard segment, primarily uses Hybrid and frequently purchases Electronics"
CUST0000240,Patricia Rodriguez,Budget,35-44,715.76,2022-11-05 08:19:37.545962,Online,"Budget tier customer aged 65+, loyal In-Store user with high engagement in Books & Media products"
CUST0000241,Jennifer Williams,Standard,65+,675.94,2021-04-24 08:19:37.545962,Hybrid,"Standard tier customer aged 65+, loyal In-Store user with high engagement in Clothing products"
CUST0000242,Richard Garcia,Standard,65+,216.67,2021-03-14 08:19:37.545962,Mobile App,"Standard tier customer aged 18-24, loyal Hybrid user with high engagement in Electronics products"
CUST0000243,Elizabeth Smith,Standard,25-34,2091.67,2022-01-25 08:19:37.545962,Mobile App,"Standard tier customer aged 18-24, loyal Hybrid user with high engagement in Toys & Games products"
CUST0000244,David Rodriguez,Budget,45-54,428.15,2023-10-30 08:19:37.545962,Online,"65+ demographic, Budget classification, shows consistent Online activity and Health & Wellness preference"
CUST0000245,Patricia Smith,Budget,18-24,695.56,2021-08-04 08:19:37.545962,In-Store,"55-64 shopper classified as Budget segment, primarily uses Online and frequently purchases Electronics"
CUST0000246,John Jones,VIP,35-44,614.04,2021-09-21 08:19:37.545962,Online,"VIP tier customer aged 35-44, loyal Mobile App user with high engagement in Health & Wellness products"
CUST0000247,Linda Garcia,Standard,45-54,267.9,2025-08-27 08:19:37.545962,Hybrid,"Standard tier customer aged 65+, loyal Online user with high engagement in Electronics products"
CUST0000248,David Garcia,Standard,18-24,398.43,2024-09-17 08:19:37.545962,Mobile App,"55-64 demographic, Standard classification, shows consistent In-Store activity and Clothing preference"
CUST0000249,William Rodriguez,Standard,25-34,3632.69,2022-07-08 08:19:37.545962,Online,"Standard customer in 65+ age bracket, prefers Mobile App shopping with strong interest in Automotive"
CUST0000250,John Brown,Standard,35-44,586.88,2025-09-06 08:19:37.545962,Online,"45-54 demographic, Standard classification, shows consistent In-Store activity and Health & Wellness preference"
CUST0000251,Jessica Gonzalez,Standard,18-24,14272.84,2022-02-15 08:19:37.545962,Mobile App,"Standard tier customer aged 25-34, loyal Online user with high engagement in Books & Media products"
CUST0000252,David Gonzalez,Standard,45-54,304.96,2020-12-19 08:19:37.545962,Mobile App,"Standard customer in 65+ age bracket, prefers Online shopping with strong interest in Food & Beverages"
CUST0000253,John Wilson,Standard,45-54,723.69,2023-10-30 08:19:37.545962,Online,"Standard customer in 18-24 age bracket, prefers In-Store shopping with strong interest in Automotive"
CUST0000254,David Williams,VIP,65+,309.08,2022-11-09 08:19:37.545962,In-Store,"VIP tier customer aged 55-64, loyal Hybrid user with high engagement in Food & Beverages products"
CUST0000255,Barbara Johnson,Budget,18-24,1535.54,2025-10-05 08:19:37.545962,Mobile App,"65+ shopper classified as Budget segment, primarily uses Mobile App and frequently purchases Automotive"
CUST0000256,William Gonzalez,Standard,65+,267.26,2024-01-29 08:19:37.545962,Online,"25-34 shopper classified as Standard segment, primarily uses Hybrid and frequently purchases Electronics"
CUST0000257,Joseph Miller,Standard,25-34,854.82,2024-04-04 08:19:37.545962,In-Store,"25-34 demographic, Standard classification, shows consistent In-Store activity and Health & Wellness preference"
CUST0000258,Joseph Davis,Premium,18-24,2027.34,2021-11-14 08:19:37.545962,Mobile App,"Premium customer in 35-44 age bracket, prefers Online shopping with strong interest in Automotive"
CUST0000259,Elizabeth Garcia,Standard,18-24,1435.62,2023-02-13 08:19:37.545962,In-Store,"18-24 shopper classified as Standard segment, primarily uses Online and frequently purchases Automotive"
CUST0000260,Susan Brown,Standard,65+,1744.34,2025-06-21 08:19:37.545962,Mobile App,"Standard customer in 25-34 age bracket, prefers Hybrid shopping with strong interest in Electronics"
CUST0000261,Jennifer Jones,Premium,65+,359.62,2022-11-02 08:19:37.545962,Hybrid,"25-34 shopper classified as Premium segment, primarily uses In-Store and frequently purchases Sports & Outdoors"
CUST0000262,Jessica Gonzalez,VIP,18-24,376.17,2022-06-18 08:19:37.545962,In-Store,"VIP tier customer aged 45-54, loyal In-Store user with high engagement in Sports & Outdoors products"
CUST0000263,Robert Jones,Budget,45-54,1129.68,2021-04-25 08:19:37.545962,Online,"Budget tier customer aged 65+, loyal Mobile App user with high engagement in Electronics products"
CUST0000264,Susan Williams,Standard,45-54,345.31,2025-01-24 08:19:37.545962,Mobile App,"Standard tier customer aged 45-54, loyal Mobile App user with high engagement in Beauty & Personal Care products"
CUST0000265,Michael Davis,Premium,65+,558.76,2025-06-15 08:19:37.545962,Hybrid,"35-44 shopper classified as Premium segment, primarily uses Mobile App and frequently purchases Food & Beverages"
CUST0000266,John Brown,Premium,65+,1553.12,2022-07-09 08:19:37.545962,In-Store,"Premium tier customer aged 55-64, loyal Hybrid user with high engagement in Sports & Outdoors products"
CUST0000267,Mary Martinez,Standard,65+,7684.81,2021-12-19 08:19:37.545962,Hybrid,"45-54 shopper classified as Standard segment, primarily uses Mobile App and frequently purchases Sports & Outdoors"
CUST0000268,Susan Wilson,Premium,45-54,3694.12,2022-03-08 08:19:37.545962,Hybrid,"Premium tier customer aged 65+, loyal Hybrid user with high engagement in Food & Beverages products"
CUST0000269,James Williams,Standard,65+,323.37,2021-11-25 08:19:37.545962,Online,"65+ demographic, Standard classification, shows consistent Online activity and Beauty & Personal Care preference"
CUST0000270,Barbara Smith,Standard,25-34,172.95,2021-01-11 08:19:37.545962,Mobile App,"Standard customer in 55-64 age bracket, prefers In-Store shopping with strong interest in Toys & Games"
CUST0000271,Robert Smith,Budget,25-34,579.06,2022-05-29 08:19:37.545962,In-Store,"65+ shopper classified as Budget segment, primarily uses Online and frequently purchases Clothing"
CUST0000272,John Hernandez,Budget,55-64,286.45,2022-08-30 08:19:37.545962,Hybrid,"Budget tier customer aged 55-64, loyal Online user with high engagement in Home & Garden products"
CUST0000273,Richard Williams,Premium,25-34,2637.62,2022-11-11 08:19:37.545962,In-Store,"Premium tier customer aged 35-44, loyal Hybrid user with high engagement in Beauty & Personal Care products"
CUST0000274,Robert Wilson,Standard,18-24,1018.83,2024-08-19 08:19:37.545962,Mobile App,"65+ demographic, Standard classification, shows consistent Online activity and Health & Wellness preference"
CUST0000275,Joseph Williams,Premium,18-24,611.24,2021-03-17 08:19:37.545962,Hybrid,"65+ demographic, Premium classification, shows consistent Online activity and Food & Beverages preference"
CUST0000276,Patricia Jones,VIP,25-34,8552.76,2023-11-13 08:19:37.545962,In-Store,"18-24 demographic, VIP classification, shows consistent Hybrid activity and Home & Garden preference"
CUST0000277,William Rodriguez,Budget,45-54,206.12,2022-12-16 08:19:37.545962,Online,"45-54 shopper classified as Budget segment, primarily uses Mobile App and frequently purchases Toys & Games"
CUST0000278,Barbara Gonzalez,Budget,55-64,795.12,2021-07-18 08:19:37.545962,Online,"Budget customer in 55-64 age bracket, prefers Online shopping with strong interest in Books & Media"
CUST0000279,Linda Wilson,Standard,55-64,134.3,2022-12-22 08:19:37.545962,Hybrid,"18-24 demographic, Standard classification, shows consistent Hybrid activity and Toys & Games preference"
CUST0000280,Patricia Lopez,Standard,45-54,15134.37,2023-07-27 08:19:37.545962,Mobile App,"Standard tier customer aged 65+, loyal In-Store user with high engagement in Clothing products"
CUST0000281,Jennifer Wilson,Budget,25-34,763.39,2024-06-22 08:19:37.545962,Mobile App,"45-54 shopper classified as Budget segment, primarily uses In-Store and frequently purchases Electronics"
CUST0000282,Barbara Hernandez,Standard,65+,90.16,2022-10-04 08:19:37.545962,Mobile App,"35-44 demographic, Standard classification, shows consistent Online activity and Food & Beverages preference"
CUST0000283,Susan Davis,Standard,18-24,369.78,2025-01-23 08:19:37.545962,Hybrid,"55-64 shopper classified as Standard segment, primarily uses Mobile App and frequently purchases Electronics"
CUST0000284,Jessica Garcia,Budget,18-24,784.27,2023-07-06 08:19:37.545962,In-Store,"Budget tier customer aged 25-34, loyal Mobile App user with high engagement in Food & Beverages products"
CUST0000285,William Garcia,Standard,55-64,403.41,2023-06-28 08:19:37.545962,Mobile App,"Standard customer in 18-24 age bracket, prefers Online shopping with strong interest in Sports & Outdoors"
CUST0000286,Linda Gonzalez,Budget,45-54,125.81,2024-12-05 08:19:37.545962,In-Store,"Budget customer in 55-64 age bracket, prefers In-Store shopping with strong interest in Health & Wellness"
CUST0000287,Richard Williams,Budget,25-34,891.85,2022-11-15 08:19:37.545962,Online,"Budget customer in 55-64 age bracket, prefers Mobile App shopping with strong interest in Electronics"
CUST0000288,Patricia Rodriguez,Standard,65+,1358.91,2023-11-02 08:19:37.545962,Mobile App,"25-34 demographic, Standard classification, shows consistent Online activity and Toys & Games preference"
CUST0000289,Barbara Gonzalez,Premium,25-34,2619.79,2021-11-23 08:19:37.545962,In-Store,"Premium customer in 45-54 age bracket, prefers Hybrid shopping with strong interest in Beauty & Personal Care"
CUST0000290,Robert Wilson,Standard,35-44,2593.34,2024-05-17 08:19:37.545962,In-Store,"35-44 demographic, Standard classification, shows consistent Hybrid activity and Sports & Outdoors preference"
CUST0000291,Michael Smith,Budget,18-24,2882.49,2024-04-11 08:19:37.545962,In-Store,"55-64 demographic, Budget classification, shows consistent Online activity and Books & Media preference"
CUST0000292,Michael Martinez,Standard,35-44,185.17,2025-04-21 08:19:37.545962,Hybrid,"45-54 demographic, Standard classification, shows consistent In-Store activity and Automotive preference"
CUST0000293,Barbara Wilson,Standard,25-34,674.28,2025-09-14 08:19:37.545962,Mobile App,"Standard tier customer aged 65+, loyal In-Store user with high engagement in Toys & Games products"
CUST0000294,James Davis,Standard,25-34,322.57,2024-09-15 08:19:37.545962,Mobile App,"35-44 shopper classified as Standard segment, primarily uses In-Store and frequently purchases Automotive"
CUST0000295,Joseph Brown,Premium,25-34,754.34,2023-12-29 08:19:37.545962,In-Store,"Premium customer in 65+ age bracket, prefers Hybrid shopping with strong interest in Automotive"
CUST0000296,Elizabeth Jones,Premium,35-44,1686.75,2021-04-21 08:19:37.545962,Online,"25-34 demographic, Premium classification, shows consistent In-Store activity and Food & Beverages preference"
CUST0000297,Joseph Williams,Budget,25-34,2864.44,2020-12-09 08:19:37.545962,Online,"Budget customer in 55-64 age bracket, prefers Mobile App shopping with strong interest in Sports & Outdoors"
CUST0000298,Patricia Thomas,Standard,55-64,122.54,2024-01-12 08:19:37.545962,Hybrid,"45-54 shopper classified as Standard segment, primarily uses Hybrid and frequently purchases Health & Wellness"
CUST0000299,Elizabeth Miller,Premium,35-44,227.5,2022-07-11 08:19:37.545962,Hybrid,"Premium tier customer aged 35-44, loyal Hybrid user with high engagement in Electronics products"
CUST0000300,Joseph Brown,Standard,18-24,817.89,2022-06-04 08:19:37.545962,Mobile App,"Standard tier customer aged 18-24, loyal In-Store user with high engagement in Toys & Games products"
CUST0000301,Susan Wilson,Premium,35-44,244.09,2021-02-01 08:19:37.545962,In-Store,"Premium tier customer aged 25-34, loyal Hybrid user with high engagement in Home & Garden products"
CUST0000302,Patricia Martinez,Standard,18-24,78.67,2025-05-12 08:19:37.545962,Mobile App,"18-24 demographic, Standard classification, shows consistent Hybrid activity and Home & Garden preference"
CUST0000303,Joseph Garcia,Budget,55-64,121.54,2021-09-04 08:19:37.545962,Hybrid,"45-54 shopper classified as Budget segment, primarily uses Mobile App and frequently purchases Toys & Games"
CUST0000304,David Martinez,Standard,65+,2615.47,2025-02-25 08:19:37.545962,Hybrid,"25-34 shopper classified as Standard segment, primarily uses Mobile App and frequently purchases Automotive"
CUST0000305,Linda Wilson,Standard,35-44,143.21,2024-11-11 08:19:37.545962,Online,"Standard customer in 65+ age bracket, prefers Mobile App shopping with strong interest in Sports & Outdoors"
CUST0000306,Jennifer Williams,Standard,65+,733.78,2021-12-31 08:19:37.545962,Hybrid,"Standard customer in 45-54 age bracket, prefers Online shopping with strong interest in Health & Wellness"
CUST0000307,Joseph Davis,Standard,25-34,4028.17,2023-08-06 08:19:37.545962,Hybrid,"Standard customer in 55-64 age bracket, prefers Online shopping with strong interest in Toys & Games"
CUST0000308,Jessica Johnson,Standard,18-24,1316.21,2024-02-23 08:19:37.545962,Online,"Standard tier customer aged 45-54, loyal Online user with high engagement in Food & Beverages products"
CUST0000309,Jessica Hernandez,Budget,65+,989.17,2023-10-14 08:19:37.545962,Hybrid,"Budget tier customer aged 25-34, loyal Mobile App user with high engagement in Food & Beverages products"
CUST0000310,Susan Smith,Standard,45-54,58.69,2022-11-09 08:19:37.545962,Hybrid,"Standard tier customer aged 25-34, loyal In-Store user with high engagement in Electronics products"
CUST0000311,Mary Johnson,Standard,25-34,1570.83,2022-05-18 08:19:37.545962,Hybrid,"55-64 shopper classified as Standard segment, primarily uses In-Store and frequently purchases Food & Beverages"
CUST0000312,Richard Garcia,Standard,45-54,362.12,2025-01-07 08:19:37.545962,Online,"Standard tier customer aged 35-44, loyal Hybrid user with high engagement in Toys & Games products"
CUST0000313,Richard Martinez,Budget,25-34,504.17,2021-01-03 08:19:37.545962,Hybrid,"35-44 shopper classified as Budget segment, primarily uses Online and frequently purchases Automotive"
CUST0000314,Jennifer Johnson,Standard,35-44,375.54,2025-06-05 08:19:37.545962,Hybrid,"Standard customer in 18-24 age bracket, prefers Hybrid shopping with strong interest in Toys & Games"
CUST0000315,Jennifer Martinez,Budget,25-34,1317.84,2025-06-05 08:19:37.545962,In-Store,"Budget customer in 35-44 age bracket, prefers In-Store shopping with strong interest in Books & Media"
CUST0000316,Jennifer Brown,Standard,18-24,622.19,2025-08-21 08:19:37.545962,Online,"35-44 demographic, Standard classification, shows consistent Mobile App activity and Books & Media preference"
CUST0000317,Jennifer Miller,Budget,18-24,93.24,2021-09-23 08:19:37.545962,In-Store,"35-44 demographic, Budget classification, shows consistent Hybrid activity and Health & Wellness preference"
CUST0000318,Richard Davis,Standard,35-44,198.31,2022-03-30 08:19:37.545962,Mobile App,"25-34 demographic, Standard classification, shows consistent Mobile App activity and Automotive preference"
CUST0000319,Jennifer Hernandez,VIP,65+,1728.65,2025-02-06 08:19:37.545962,Mobile App,"VIP tier customer aged 55-64, loyal In-Store user with high engagement in Electronics products"
CUST0000320,Mary Miller,Premium,65+,1991.4,2024-09-11 08:19:37.545962,In-Store,"Premium customer in 18-24 age bracket, prefers Online shopping with strong interest in Books & Media"
CUST0000321,Susan Hernandez,Budget,55-64,238.61,2024-10-03 08:19:37.545962,Hybrid,"65+ demographic, Budget classification, shows consistent In-Store activity and Toys & Games preference"
CUST0000322,William Wilson,Standard,55-64,1695.51,2023-03-27 08:19:37.545962,Hybrid,"55-64 demographic, Standard classification, shows consistent Online activity and Home & Garden preference"
CUST0000323,David Anderson,Standard,25-34,2845.64,2021-09-24 08:19:37.545962,Online,"65+ shopper classified as Standard segment, primarily uses Mobile App and frequently purchases Electronics"
CUST0000324,Joseph Rodriguez,Standard,55-64,3838.63,2022-05-22 08:19:37.545962,In-Store,"Standard customer in 55-64 age bracket, prefers Mobile App shopping with strong interest in Sports & Outdoors"
CUST0000325,Richard Rodriguez,Standard,35-44,233.53,2022-02-08 08:19:37.545962,Online,"65+ demographic, Standard classification, shows consistent Mobile App activity and Automotive preference"
CUST0000326,Michael Smith,Budget,35-44,455.85,2024-01-11 08:19:37.545962,In-Store,"Budget customer in 35-44 age bracket, prefers In-Store shopping with strong interest in Food & Beverages"
CUST0000327,Susan Davis,Budget,25-34,505.45,2025-03-03 08:19:37.545962,Mobile App,"Budget tier customer aged 25-34, loyal Mobile App user with high engagement in Home & Garden products"
CUST0000328,Jessica Thomas,Budget,35-44,6845.28,2023-03-06 08:19:37.545962,In-Store,"Budget tier customer aged 55-64, loyal In-Store user with high engagement in Sports & Outdoors products"
CUST0000329,Robert Davis,Standard,35-44,3800.37,2024-06-17 08:19:37.545962,Mobile App,"Standard customer in 35-44 age bracket, prefers Hybrid shopping with strong interest in Beauty & Personal Care"
CUST0000330,Joseph Thomas,Premium,45-54,372.85,2025-08-26 08:19:37.545962,Mobile App,"55-64 demographic, Premium classification, shows consistent In-Store activity and Sports & Outdoors preference"
CUST0000331,Robert Smith,Standard,45-54,350.32,2023-09-15 08:19:37.545962,Hybrid,"65+ demographic, Standard classification, shows consistent Mobile App activity and Food & Beverages preference"
CUST0000332,David Lopez,Budget,65+,267.3,2024-07-09 08:19:37.545962,In-Store,"45-54 demographic, Budget classification, shows consistent Online activity and Electronics preference"
CUST0000333,Richard Hernandez,Budget,55-64,230.98,2025-10-02 08:19:37.545962,Mobile App,"45-54 shopper classified as Budget segment, primarily uses Mobile App and frequently purchases Automotive"
CUST0000334,Barbara Davis,Standard,55-64,430.33,2021-04-11 08:19:37.545962,Online,"Standard tier customer aged 45-54, loyal Mobile App user with high engagement in Automotive products"
CUST0000335,Linda Davis,Standard,18-24,142.15,2021-01-20 08:19:37.545962,In-Store,"Standard customer in 25-34 age bracket, prefers Mobile App shopping with strong interest in Food & Beverages"
CUST0000336,Jessica Rodriguez,VIP,25-34,9862.17,2024-07-15 08:19:37.545962,Mobile App,"35-44 demographic, VIP classification, shows consistent Mobile App activity and Electronics preference"
CUST0000337,Richard Wilson,Budget,65+,192.16,2022-08-20 08:19:37.545962,In-Store,"18-24 shopper classified as Budget segment, primarily uses Hybrid and frequently purchases Food & Beverages"
CUST0000338,Patricia Gonzalez,Standard,25-34,335.02,2025-08-30 08:19:37.545962,Hybrid,"55-64 shopper classified as Standard segment, primarily uses Hybrid and frequently purchases Automotive"
CUST0000339,Robert Williams,Standard,35-44,1776.92,2025-02-04 08:19:37.545962,Hybrid,"Standard customer in 55-64 age bracket, prefers Hybrid shopping with strong interest in Home & Garden"
CUST0000340,Richard Martinez,Budget,18-24,695.12,2025-08-11 08:19:37.545962,Hybrid,"Budget customer in 45-54 age bracket, prefers In-Store shopping with strong interest in Health & Wellness"
CUST0000341,Elizabeth Johnson,Premium,45-54,332.28,2024-12-06 08:19:37.545962,Mobile App,"Premium customer in 65+ age bracket, prefers Hybrid shopping with strong interest in Food & Beverages"
CUST0000342,Elizabeth Brown,VIP,65+,546.31,2021-05-26 08:19:37.545962,Mobile App,"VIP customer in 45-54 age bracket, prefers Online shopping with strong interest in Automotive"
CUST0000343,Richard Williams,Budget,35-44,335.98,2021-02-23 08:19:37.545962,Hybrid,"Budget tier customer aged 18-24, loyal Online user with high engagement in Toys & Games products"
CUST0000344,Linda Jones,Standard,35-44,507.12,2023-06-04 08:19:37.545962,Hybrid,"Standard customer in 65+ age bracket, prefers Online shopping with strong interest in Clothing"
CUST0000345,Joseph Thomas,Standard,35-44,4847.58,2023-05-28 08:19:37.545962,Online,"35-44 demographic, Standard classification, shows consistent Mobile App activity and Books & Media preference"
CUST0000346,Elizabeth Jones,Budget,45-54,3220.26,2022-04-09 08:19:37.545962,Online,"65+ shopper classified as Budget segment, primarily uses Online and frequently purchases Books & Media"
CUST0000347,Robert Wilson,Standard,45-54,4348.16,2023-04-06 08:19:37.545962,Online,"35-44 demographic, Standard classification, shows consistent Mobile App activity and Toys & Games preference"
CUST0000348,David Thomas,Standard,45-54,529.78,2024-09-30 08:19:37.545962,In-Store,"Standard customer in 55-64 age bracket, prefers Online shopping with strong interest in Home & Garden"
CUST0000349,Elizabeth Smith,Standard,18-24,594.74,2025-06-17 08:19:37.545962,Hybrid,"Standard customer in 25-34 age bracket, prefers Mobile App shopping with strong interest in Food & Beverages"
CUST0000350,Linda Smith,Standard,35-44,1526.82,2021-03-29 08:19:37.545962,Online,"35-44 shopper classified as Standard segment, primarily uses Online and frequently purchases Food & Beverages"
CUST0000351,Jessica Gonzalez,Premium,18-24,145.02,2020-12-13 08:19:37.545962,In-Store,"55-64 demographic, Premium classification, shows consistent Online activity and Beauty & Personal Care preference"
CUST0000352,David Thomas,Budget,18-24,2617.94,2024-12-19 08:19:37.545962,Online,"45-54 shopper classified as Budget segment, primarily uses Hybrid and frequently purchases Electronics"
CUST0000353,John Garcia,Premium,35-44,12127.31,2022-08-06 08:19:37.545962,Mobile App,"25-34 demographic, Premium classification, shows consistent Mobile App activity and Electronics preference"
CUST0000354,Susan Williams,Budget,45-54,481.93,2021-04-22 08:19:37.545962,Hybrid,"Budget customer in 65+ age bracket, prefers Mobile App shopping with strong interest in Books & Media"
CUST0000355,Richard Hernandez,VIP,45-54,387.0,2022-01-10 08:19:37.545962,In-Store,"VIP tier customer aged 18-24, loyal Mobile App user with high engagement in Books & Media products"
CUST0000356,Richard Rodriguez,Standard,65+,1171.84,2024-04-07 08:19:37.545962,In-Store,"65+ demographic, Standard classification, shows consistent Online activity and Beauty & Personal Care preference"
CUST0000357,Patricia Lopez,Budget,55-64,575.76,2021-10-27 08:19:37.545962,In-Store,"Budget customer in 25-34 age bracket, prefers Mobile App shopping with strong interest in Clothing"
CUST0000358,Michael Miller,Standard,18-24,485.63,2025-01-11 08:19:37.545962,In-Store,"Standard customer in 18-24 age bracket, prefers In-Store shopping with strong interest in Home & Garden"
CUST0000359,Linda Rodriguez,Budget,65+,2108.24,2023-07-10 08:19:37.545962,In-Store,"65+ demographic, Budget classification, shows consistent Hybrid activity and Food & Beverages preference"
CUST0000360,Barbara Smith,Budget,55-64,268.94,2023-10-22 08:19:37.545962,In-Store,"Budget tier customer aged 25-34, loyal Online user with high engagement in Clothing products"
CUST0000361,Susan Miller,Standard,65+,133.03,2022-05-08 08:19:37.545962,In-Store,"Standard customer in 65+ age bracket, prefers Online shopping with strong interest in Sports & Outdoors"
CUST0000362,Jennifer Davis,Standard,18-24,1452.82,2022-06-13 08:19:37.545962,In-Store,"Standard tier customer aged 55-64, loyal Online user with high engagement in Electronics products"
CUST0000363,David Hernandez,Standard,55-64,5160.65,2023-11-19 08:19:37.545962,Mobile App,"Standard tier customer aged 25-34, loyal Mobile App user with high engagement in Food & Beverages products"
CUST0000364,John Anderson,Budget,55-64,260.6,2022-11-04 08:19:37.545962,In-Store,"25-34 demographic, Budget classification, shows consistent Mobile App activity and Electronics preference"
CUST0000365,Linda Jones,Standard,45-54,418.49,2024-02-08 08:19:37.545962,In-Store,"Standard tier customer aged 55-64, loyal Online user with high engagement in Health & Wellness products"
CUST0000366,Richard Gonzalez,Standard,25-34,107.28,2023-06-28 08:19:37.545962,In-Store,"45-54 demographic, Standard classification, shows consistent In-Store activity and Clothing preference"
CUST0000367,Susan Anderson,Budget,65+,3159.2,2025-08-10 08:19:37.545962,Mobile App,"35-44 shopper classified as Budget segment, primarily uses Mobile App and frequently purchases Electronics"
CUST0000368,Susan Johnson,Standard,55-64,136.34,2023-03-03 08:19:37.545962,In-Store,"Standard customer in 45-54 age bracket, prefers Hybrid shopping with strong interest in Automotive"
CUST0000369,Barbara Jones,Standard,65+,313.51,2021-01-12 08:19:37.545962,Mobile App,"Standard tier customer aged 45-54, loyal Online user with high engagement in Beauty & Personal Care products"
CUST0000370,Elizabeth Thomas,Budget,65+,783.7,2021-07-18 08:19:37.545962,Online,"35-44 demographic, Budget classification, shows consistent In-Store activity and Beauty & Personal Care preference"
CUST0000371,David Wilson,Standard,55-64,268.29,2024-01-31 08:19:37.545962,Mobile App,"Standard tier customer aged 65+, loyal In-Store user with high engagement in Clothing products"
CUST0000372,Richard Johnson,Standard,55-64,1247.2,2023-08-12 08:19:37.545962,Hybrid,"Standard customer in 35-44 age bracket, prefers Hybrid shopping with strong interest in Sports & Outdoors"
CUST0000373,Barbara Rodriguez,Premium,55-64,818.68,2024-03-22 08:19:37.545962,Mobile App,"Premium tier customer aged 18-24, loyal Mobile App user with high engagement in Home & Garden products"
CUST0000374,James Martinez,Premium,65+,2530.39,2023-04-18 08:19:37.545962,Mobile App,"Premium tier customer aged 65+, loyal Hybrid user with high engagement in Health & Wellness products"
CUST0000375,Jennifer Martinez,Standard,25-34,1045.78,2025-06-16 08:19:37.545962,Online,"Standard customer in 25-34 age bracket, prefers Hybrid shopping with strong interest in Home & Garden"
CUST0000376,Patricia Gonzalez,Standard,45-54,941.7,2023-03-15 08:19:37.545962,Hybrid,"45-54 demographic, Standard classification, shows consistent Mobile App activity and Books & Media preference"
CUST0000377,Richard Wilson,Standard,55-64,517.77,2025-04-30 08:19:37.545962,Online,"25-34 shopper classified as Standard segment, primarily uses Hybrid and frequently purchases Food & Beverages"
CUST0000378,Michael Martinez,Standard,65+,95.97,2022-05-19 08:19:37.545962,Mobile App,"Standard tier customer aged 18-24, loyal Hybrid user with high engagement in Toys & Games products"
CUST0000379,John Johnson,Budget,18-24,108.54,2024-06-16 08:19:37.545962,Hybrid,"55-64 demographic, Budget classification, shows consistent Hybrid activity and Beauty & Personal Care preference"
CUST0000380,Richard Williams,Standard,45-54,1822.04,2023-08-22 08:19:37.545962,In-Store,"Standard tier customer aged 55-64, loyal Hybrid user with high engagement in Beauty & Personal Care products"
CUST0000381,Barbara Hernandez,Standard,65+,843.89,2023-08-06 08:19:37.545962,Online,"Standard tier customer aged 65+, loyal Hybrid user with high engagement in Automotive products"
CUST0000382,Patricia Lopez,Budget,35-44,2795.37,2025-10-02 08:19:37.545962,Mobile App,"35-44 demographic, Budget classification, shows consistent Online activity and Beauty & Personal Care preference"
CUST0000383,Mary Lopez,Budget,18-24,1351.25,2023-10-20 08:19:37.545962,Online,"35-44 shopper classified as Budget segment, primarily uses Online and frequently purchases Beauty & Personal Care"
CUST0000384,William Lopez,Standard,45-54,14.85,2024-12-23 08:19:37.545962,Hybrid,"18-24 shopper classified as Standard segment, primarily uses In-Store and frequently purchases Sports & Outdoors"
CUST0000385,Joseph Garcia,Budget,18-24,530.15,2022-01-11 08:19:37.545962,Hybrid,"45-54 demographic, Budget classification, shows consistent In-Store activity and Automotive preference"
CUST0000386,Mary Thomas,Standard,18-24,581.59,2024-04-19 08:19:37.545962,In-Store,"35-44 shopper classified as Standard segment, primarily uses In-Store and frequently purchases Automotive"
CUST0000387,Jessica Miller,Standard,35-44,1366.94,2022-06-01 08:19:37.545962,In-Store,"Standard tier customer aged 45-54, loyal Online user with high engagement in Beauty & Personal Care products"
CUST0000388,James Thomas,Premium,18-24,522.57,2022-04-23 08:19:37.545962,Hybrid,"55-64 shopper classified as Premium segment, primarily uses Mobile App and frequently purchases Electronics"
CUST0000389,Richard Garcia,Standard,45-54,6258.26,2020-12-23 08:19:37.545962,Online,"65+ demographic, Standard classification, shows consistent Online activity and Sports & Outdoors preference"
CUST0000390,Barbara Gonzalez,Standard,55-64,274.33,2021-10-06 08:19:37.545962,Mobile App,"Standard customer in 25-34 age bracket, prefers Online shopping with strong interest in Books & Media"
CUST0000391,John Garcia,Standard,45-54,3037.68,2023-12-07 08:19:37.545962,In-Store,"35-44 demographic, Standard classification, shows consistent Online activity and Automotive preference"
CUST0000392,John Anderson,Budget,65+,559.52,2024-03-19 08:19:37.545962,In-Store,"Budget customer in 65+ age bracket, prefers In-Store shopping with strong interest in Books & Media"
CUST0000393,John Thomas,Standard,18-24,540.38,2024-04-10 08:19:37.545962,In-Store,"Standard tier customer aged 65+, loyal Online user with high engagement in Home & Garden products"
CUST0000394,Joseph Lopez,Premium,25-34,108.65,2021-04-09 08:19:37.545962,Hybrid,"55-64 shopper classified as Premium segment, primarily uses Mobile App and frequently purchases Home & Garden"
CUST0000395,Mary Williams,Standard,55-64,249.43,2025-03-16 08:19:37.545962,In-Store,"Standard tier customer aged 35-44, loyal Hybrid user with high engagement in Food & Beverages products"
CUST0000396,Jessica Garcia,Standard,25-34,1805.57,2023-03-27 08:19:37.545962,Online,"65+ demographic, Standard classification, shows consistent In-Store activity and Clothing preference"
CUST0000397,David Smith,Budget,35-44,1323.98,2022-04-21 08:19:37.545962,Online,"55-64 shopper classified as Budget segment, primarily uses Mobile App and frequently purchases Clothing"
CUST0000398,Elizabeth Rodriguez,Standard,25-34,2680.78,2022-06-09 08:19:37.545962,Mobile App,"Standard tier customer aged 65+, loyal In-Store user with high engagement in Toys & Games products"
CUST0000399,William Hernandez,Standard,25-34,1355.29,2023-08-10 08:19:37.545962,Online,"65+ shopper classified as Standard segment, primarily uses Mobile App and frequently purchases Automotive"
CUST0000400,Robert Brown,Budget,35-44,1823.51,2021-12-11 08:19:37.545962,In-Store,"45-54 demographic, Budget classification, shows consistent Mobile App activity and Clothing preference"
CUST0000401,Susan Gonzalez,Budget,35-44,925.25,2023-10-17 08:19:37.545962,Online,"Budget tier customer aged 45-54, loyal Mobile App user with high engagement in Sports & Outdoors products"
CUST0000402,Jennifer Martinez,Premium,65+,292.14,2025-08-11 08:19:37.545962,Hybrid,"Premium customer in 45-54 age bracket, prefers Mobile App shopping with strong interest in Electronics"
CUST0000403,David Hernandez,Premium,55-64,5588.01,2025-02-24 08:19:37.545962,Hybrid,"Premium tier customer aged 55-64, loyal Online user with high engagement in Home & Garden products"
CUST0000404,Richard Davis,Standard,18-24,1019.53,2020-12-10 08:19:37.545962,Mobile App,"Standard customer in 35-44 age bracket, prefers Hybrid shopping with strong interest in Toys & Games"
CUST0000405,James Gonzalez,Standard,35-44,727.27,2023-06-10 08:19:37.545962,Hybrid,"Standard customer in 25-34 age bracket, prefers Hybrid shopping with strong interest in Automotive"
CUST0000406,Barbara Hernandez,Budget,35-44,682.11,2025-10-12 08:19:37.545962,Hybrid,"Budget customer in 18-24 age bracket, prefers Hybrid shopping with strong interest in Toys & Games"
CUST0000407,John Martinez,Premium,18-24,330.1,2024-08-20 08:19:37.545962,Mobile App,"35-44 shopper classified as Premium segment, primarily uses In-Store and frequently purchases Toys & Games"
CUST0000408,Joseph Gonzalez,Budget,55-64,458.66,2022-02-13 08:19:37.545962,Mobile App,"45-54 demographic, Budget classification, shows consistent Mobile App activity and Food & Beverages preference"
CUST0000409,Susan Williams,Standard,25-34,333.28,2023-07-08 08:19:37.545962,In-Store,"45-54 demographic, Standard classification, shows consistent Hybrid activity and Food & Beverages preference"
CUST0000410,David Anderson,Budget,25-34,5094.33,2022-08-17 08:19:37.545962,In-Store,"45-54 shopper classified as Budget segment, primarily uses In-Store and frequently purchases Beauty & Personal Care"
CUST0000411,Mary Hernandez,Standard,55-64,146.75,2024-04-15 08:19:37.545962,Hybrid,"35-44 demographic, Standard classification, shows consistent In-Store activity and Books & Media preference"
CUST0000412,Patricia Thomas,Standard,45-54,1000.78,2023-04-05 08:19:37.545962,Hybrid,"Standard tier customer aged 55-64, loyal Hybrid user with high engagement in Health & Wellness products"
CUST0000413,Linda Wilson,Budget,65+,62.93,2021-05-02 08:19:37.545962,Mobile App,"Budget customer in 45-54 age bracket, prefers Mobile App shopping with strong interest in Health & Wellness"
CUST0000414,Richard Anderson,Budget,45-54,1582.13,2023-03-25 08:19:37.545962,Hybrid,"35-44 shopper classified as Budget segment, primarily uses Online and frequently purchases Food & Beverages"
CUST0000415,Patricia Garcia,Standard,55-64,5395.7,2023-07-13 08:19:37.545962,In-Store,"55-64 demographic, Standard classification, shows consistent Hybrid activity and Sports & Outdoors preference"
CUST0000416,Robert Rodriguez,Standard,55-64,298.11,2022-06-27 08:19:37.545962,Hybrid,"Standard tier customer aged 65+, loyal Online user with high engagement in Health & Wellness products"
CUST0000417,Robert Anderson,Budget,25-34,3410.67,2021-11-04 08:19:37.545962,Online,"45-54 demographic, Budget classification, shows consistent Online activity and Health & Wellness preference"
CUST0000418,Linda Johnson,Standard,25-34,1834.59,2022-05-07 08:19:37.545962,Mobile App,"18-24 shopper classified as Standard segment, primarily uses Online and frequently purchases Home & Garden"
CUST0000419,Susan Martinez,Standard,65+,3273.29,2022-09-06 08:19:37.545962,In-Store,"Standard tier customer aged 25-34, loyal Mobile App user with high engagement in Books & Media products"
CUST0000420,William Smith,Standard,25-34,252.45,2024-11-15 08:19:37.545962,Hybrid,"Standard customer in 35-44 age bracket, prefers Mobile App shopping with strong interest in Beauty & Personal Care"
CUST0000421,Linda Jones,Premium,55-64,4412.9,2024-08-19 08:19:37.545962,Online,"Premium customer in 45-54 age bracket, prefers Mobile App shopping with strong interest in Clothing"
CUST0000422,William Wilson,Budget,45-54,376.6,2021-06-05 08:19:37.545962,In-Store,"65+ demographic, Budget classification, shows consistent Online activity and Toys & Games preference"
CUST0000423,Patricia Johnson,Premium,18-24,654.1,2022-10-20 08:19:37.545962,Mobile App,"Premium tier customer aged 45-54, loyal In-Store user with high engagement in Books & Media products"
CUST0000424,Patricia Hernandez,Standard,55-64,2225.23,2025-01-23 08:19:37.545962,Mobile App,"45-54 shopper classified as Standard segment, primarily uses Mobile App and frequently purchases Clothing"
CUST0000425,Mary Jones,Standard,18-24,106.0,2021-07-20 08:19:37.545962,Hybrid,"Standard customer in 55-64 age bracket, prefers Mobile App shopping with strong interest in Books & Media"
CUST0000426,Mary Miller,Standard,25-34,1175.54,2023-03-17 08:19:37.545962,In-Store,"Standard customer in 45-54 age bracket, prefers In-Store shopping with strong interest in Beauty & Personal Care"
CUST0000427,Jessica Johnson,Standard,55-64,122.75,2021-08-21 08:19:37.545962,Online,"Standard customer in 45-54 age bracket, prefers Hybrid shopping with strong interest in Toys & Games"
CUST0000428,William Martinez,Standard,25-34,3713.26,2022-07-03 08:19:37.545962,Mobile App,"Standard tier customer aged 65+, loyal Hybrid user with high engagement in Automotive products"
CUST0000429,Jennifer Miller,Standard,45-54,338.21,2024-08-13 08:19:37.545962,In-Store,"Standard customer in 45-54 age bracket, prefers Hybrid shopping with strong interest in Home & Garden"
CUST0000430,Jennifer Smith,Premium,45-54,114.6,2024-10-15 08:19:37.545962,In-Store,"Premium tier customer aged 35-44, loyal Hybrid user with high engagement in Food & Beverages products"
CUST0000431,James Lopez,Standard,18-24,277.3,2021-11-22 08:19:37.545962,Online,"65+ demographic, Standard classification, shows consistent Hybrid activity and Beauty & Personal Care preference"
CUST0000432,Susan Gonzalez,Budget,35-44,303.91,2023-07-07 08:19:37.545962,Online,"Budget customer in 18-24 age bracket, prefers Mobile App shopping with strong interest in Clothing"
CUST0000433,Richard Davis,Standard,25-34,374.53,2023-11-26 08:19:37.545962,Online,"25-34 demographic, Standard classification, shows consistent In-Store activity and Sports & Outdoors preference"
CUST0000434,Michael Hernandez,Budget,45-54,949.3,2024-11-30 08:19:37.545962,Hybrid,"Budget customer in 65+ age bracket, prefers In-Store shopping with strong interest in Books & Media"
CUST0000435,Jessica Jones,Standard,35-44,344.53,2024-02-20 08:19:37.545962,Mobile App,"Standard tier customer aged 25-34, loyal Online user with high engagement in Clothing products"
CUST0000436,Michael Miller,Standard,35-44,1956.83,2023-02-19 08:19:37.545962,In-Store,"65+ shopper classified as Standard segment, primarily uses Online and frequently purchases Health & Wellness"
CUST0000437,Michael Gonzalez,Budget,55-64,676.54,2025-03-04 08:19:37.545962,Mobile App,"Budget customer in 18-24 age bracket, prefers Online shopping with strong interest in Beauty & Personal Care"
CUST0000438,Jessica Brown,Budget,45-54,250.49,2022-08-27 08:19:37.545962,Mobile App,"Budget tier customer aged 65+, loyal Hybrid user with high engagement in Sports & Outdoors products"
CUST0000439,John Hernandez,Standard,18-24,1622.9,2024-08-28 08:19:37.545962,In-Store,"Standard customer in 65+ age bracket, prefers Online shopping with strong interest in Electronics"
CUST0000440,Linda Hernandez,VIP,25-34,850.22,2024-09-16 08:19:37.545962,Hybrid,"65+ demographic, VIP classification, shows consistent In-Store activity and Food & Beverages preference"
CUST0000441,David Rodriguez,Budget,25-34,570.75,2024-03-24 08:19:37.545962,In-Store,"Budget tier customer aged 18-24, loyal Mobile App user with high engagement in Clothing products"
CUST0000442,John Lopez,Budget,25-34,3071.12,2022-06-22 08:19:37.545962,In-Store,"55-64 demographic, Budget classification, shows consistent In-Store activity and Home & Garden preference"
CUST0000443,Jessica Rodriguez,Standard,35-44,965.63,2022-09-09 08:19:37.545962,In-Store,"55-64 shopper classified as Standard segment, primarily uses Online and frequently purchases Food & Beverages"
CUST0000444,John Martinez,VIP,25-34,879.98,2022-07-16 08:19:37.545962,Hybrid,"65+ demographic, VIP classification, shows consistent In-Store activity and Electronics preference"
CUST0000445,James Lopez,VIP,18-24,2923.44,2025-03-23 08:19:37.545962,Hybrid,"18-24 shopper classified as VIP segment, primarily uses In-Store and frequently purchases Sports & Outdoors"
CUST0000446,Barbara Miller,Standard,18-24,3165.31,2024-12-08 08:19:37.545962,Hybrid,"Standard customer in 55-64 age bracket, prefers Online shopping with strong interest in Sports & Outdoors"
CUST0000447,Richard Hernandez,Premium,35-44,702.6,2024-04-17 08:19:37.545962,Online,"65+ demographic, Premium classification, shows consistent In-Store activity and Electronics preference"
CUST0000448,Susan Williams,VIP,45-54,951.77,2021-08-28 08:19:37.545962,Hybrid,"VIP tier customer aged 35-44, loyal Online user with high engagement in Home & Garden products"
CUST0000449,Elizabeth Williams,Standard,45-54,243.26,2025-09-05 08:19:37.545962,Online,"Standard tier customer aged 45-54, loyal Hybrid user with high engagement in Health & Wellness products"
CUST0000450,John Martinez,Standard,35-44,1760.61,2021-10-21 08:19:37.545962,Mobile App,"Standard customer in 45-54 age bracket, prefers Mobile App shopping with strong interest in Health & Wellness"
CUST0000451,Susan Garcia,Budget,55-64,262.86,2021-03-08 08:19:37.545962,Online,"Budget customer in 45-54 age bracket, prefers Online shopping with strong interest in Beauty & Personal Care"
CUST0000452,Michael Williams,Standard,35-44,107.17,2023-08-06 08:19:37.545962,Online,"55-64 demographic, Standard classification, shows consistent Hybrid activity and Automotive preference"
CUST0000453,Jessica Thomas,Standard,25-34,3142.2,2023-05-08 08:19:37.545962,Online,"18-24 shopper classified as Standard segment, primarily uses Mobile App and frequently purchases Health & Wellness"
CUST0000454,Linda Anderson,Budget,45-54,701.18,2024-02-12 08:19:37.545962,Mobile App,"Budget customer in 65+ age bracket, prefers In-Store shopping with strong interest in Sports & Outdoors"
CUST0000455,Susan Williams,Standard,25-34,1210.35,2022-11-17 08:19:37.545962,Mobile App,"Standard customer in 25-34 age bracket, prefers Online shopping with strong interest in Food & Beverages"
CUST0000456,Mary Martinez,Standard,65+,417.85,2023-03-04 08:19:37.545962,Hybrid,"65+ shopper classified as Standard segment, primarily uses Hybrid and frequently purchases Electronics"
CUST0000457,John Gonzalez,Premium,65+,743.37,2023-05-20 08:19:37.545962,Mobile App,"55-64 demographic, Premium classification, shows consistent Hybrid activity and Automotive preference"
CUST0000458,Richard Lopez,Standard,65+,476.5,2023-09-09 08:19:37.545962,Mobile App,"Standard tier customer aged 35-44, loyal Online user with high engagement in Beauty & Personal Care products"
CUST0000459,Joseph Jones,Budget,35-44,2481.27,2022-04-30 08:19:37.545962,Hybrid,"Budget customer in 65+ age bracket, prefers In-Store shopping with strong interest in Automotive"
CUST0000460,Richard Garcia,Standard,25-34,1312.21,2021-12-13 08:19:37.545962,Mobile App,"Standard customer in 55-64 age bracket, prefers Mobile App shopping with strong interest in Clothing"
CUST0000461,Robert Smith,Budget,45-54,2461.3,2022-10-09 08:19:37.545962,Hybrid,"Budget tier customer aged 45-54, loyal Online user with high engagement in Automotive products"
CUST0000462,David Lopez,Premium,65+,463.69,2024-09-26 08:19:37.545962,Mobile App,"45-54 demographic, Premium classification, shows consistent In-Store activity and Home & Garden preference"
CUST0000463,Mary Anderson,VIP,35-44,1739.22,2025-05-30 08:19:37.545962,Mobile App,"25-34 shopper classified as VIP segment, primarily uses Hybrid and frequently purchases Books & Media"
CUST0000464,John Hernandez,Premium,45-54,4700.57,2023-05-16 08:19:37.545962,Online,"35-44 shopper classified as Premium segment, primarily uses Hybrid and frequently purchases Clothing"
CUST0000465,John Anderson,Budget,65+,484.26,2022-11-30 08:19:37.545962,In-Store,"65+ shopper classified as Budget segment, primarily uses Online and frequently purchases Health & Wellness"
CUST0000466,Linda Miller,Budget,65+,1193.03,2022-04-04 08:19:37.545962,Mobile App,"Budget customer in 35-44 age bracket, prefers In-Store shopping with strong interest in Sports & Outdoors"
CUST0000467,Mary Garcia,Budget,18-24,381.68,2025-03-09 08:19:37.545962,Hybrid,"35-44 demographic, Budget classification, shows consistent Online activity and Sports & Outdoors preference"
CUST0000468,David Johnson,Budget,18-24,715.54,2022-04-12 08:19:37.545962,In-Store,"18-24 shopper classified as Budget segment, primarily uses In-Store and frequently purchases Health & Wellness"
CUST0000469,Robert Lopez,Standard,45-54,171.34,2021-01-11 08:19:37.545962,Online,"65+ shopper classified as Standard segment, primarily uses Mobile App and frequently purchases Clothing"
CUST0000470,Jessica Wilson,Premium,55-64,322.95,2021-11-20 08:19:37.545962,In-Store,"Premium customer in 65+ age bracket, prefers Online shopping with strong interest in Sports & Outdoors"
CUST0000471,Richard Miller,Standard,35-44,995.95,2023-12-26 08:19:37.545962,Hybrid,"Standard tier customer aged 55-64, loyal Hybrid user with high engagement in Food & Beverages products"
CUST0000472,Mary Davis,VIP,35-44,1473.69,2024-08-25 08:19:37.545962,Hybrid,"35-44 demographic, VIP classification, shows consistent Mobile App activity and Electronics preference"
CUST0000473,Robert Hernandez,Standard,45-54,1023.92,2025-04-15 08:19:37.545962,Mobile App,"Standard customer in 55-64 age bracket, prefers Mobile App shopping with strong interest in Electronics"
CUST0000474,William Garcia,Premium,18-24,258.26,2024-09-08 08:19:37.545962,Online,"Premium customer in 45-54 age bracket, prefers In-Store shopping with strong interest in Home & Garden"
CUST0000475,Patricia Rodriguez,Standard,45-54,221.16,2025-05-24 08:19:37.545962,Online,"Standard customer in 65+ age bracket, prefers Mobile App shopping with strong interest in Toys & Games"
CUST0000476,William Wilson,Standard,25-34,305.78,2024-04-07 08:19:37.545962,Hybrid,"45-54 demographic, Standard classification, shows consistent Mobile App activity and Clothing preference"
CUST0000477,Joseph Garcia,Standard,55-64,396.93,2021-01-10 08:19:37.545962,Online,"Standard tier customer aged 55-64, loyal Online user with high engagement in Books & Media products"
CUST0000478,Richard Smith,VIP,35-44,141.53,2022-09-17 08:19:37.545962,Mobile App,"VIP customer in 18-24 age bracket, prefers In-Store shopping with strong interest in Electronics"
CUST0000479,Jennifer Thomas,Budget,55-64,1030.01,2021-09-29 08:19:37.545962,Online,"Budget customer in 18-24 age bracket, prefers Online shopping with strong interest in Health & Wellness"
CUST0000480,Robert Davis,Budget,35-44,293.2,2022-08-28 08:19:37.545962,Online,"Budget tier customer aged 55-64, loyal In-Store user with high engagement in Beauty & Personal Care products"
CUST0000481,David Anderson,Budget,18-24,1076.22,2022-08-11 08:19:37.545962,Mobile App,"65+ shopper classified as Budget segment, primarily uses Hybrid and frequently purchases Health & Wellness"
CUST0000482,John Williams,Standard,35-44,1105.98,2023-06-16 08:19:37.545962,Online,"55-64 demographic, Standard classification, shows consistent Mobile App activity and Toys & Games preference"
CUST0000483,James Lopez,Standard,45-54,1329.39,2025-01-10 08:19:37.545962,Hybrid,"Standard tier customer aged 55-64, loyal Mobile App user with high engagement in Sports & Outdoors products"
CUST0000484,James Martinez,Budget,55-64,1273.03,2024-01-18 08:19:37.545962,Online,"18-24 demographic, Budget classification, shows consistent Online activity and Clothing preference"
CUST0000485,Jennifer Smith,Standard,18-24,1016.83,2022-06-25 08:19:37.545962,In-Store,"Standard customer in 45-54 age bracket, prefers Hybrid shopping with strong interest in Electronics"
CUST0000486,Mary Lopez,Standard,35-44,71.97,2024-12-05 08:19:37.545962,In-Store,"Standard customer in 65+ age bracket, prefers In-Store shopping with strong interest in Books & Media"
CUST0000487,Elizabeth Thomas,Standard,35-44,7247.72,2024-12-20 08:19:37.545962,In-Store,"65+ demographic, Standard classification, shows consistent In-Store activity and Beauty & Personal Care preference"
CUST0000488,Jessica Wilson,Premium,18-24,685.8,2024-12-25 08:19:37.545962,Mobile App,"Premium tier customer aged 65+, loyal Online user with high engagement in Electronics products"
CUST0000489,Robert Martinez,Budget,18-24,2065.62,2025-01-18 08:19:37.545962,In-Store,"Budget tier customer aged 45-54, loyal Hybrid user with high engagement in Health & Wellness products"
CUST0000490,Michael Jones,Budget,55-64,897.18,2024-08-15 08:19:37.545962,Mobile App,"55-64 shopper classified as Budget segment, primarily uses In-Store and frequently purchases Food & Beverages"
CUST0000491,William Lopez,Premium,65+,327.8,2023-08-12 08:19:37.545962,Online,"35-44 shopper classified as Premium segment, primarily uses Hybrid and frequently purchases Home & Garden"
CUST0000492,John Martinez,Standard,55-64,1645.55,2023-05-14 08:19:37.545962,In-Store,"35-44 demographic, Standard classification, shows consistent Mobile App activity and Food & Beverages preference"
CUST0000493,Richard Smith,Standard,25-34,2608.61,2024-09-02 08:19:37.545962,Mobile App,"Standard customer in 65+ age bracket, prefers Hybrid shopping with strong interest in Home & Garden"
CUST0000494,Jennifer Jones,VIP,25-34,1081.99,2024-02-21 08:19:37.545962,Hybrid,"VIP customer in 65+ age bracket, prefers In-Store shopping with strong interest in Sports & Outdoors"
CUST0000495,Susan Brown,Standard,35-44,189.74,2024-10-15 08:19:37.545962,Hybrid,"35-44 demographic, Standard classification, shows consistent In-Store activity and Toys & Games preference"
CUST0000496,Jessica Davis,Budget,65+,625.19,2023-06-11 08:19:37.545962,In-Store,"65+ shopper classified as Budget segment, primarily uses In-Store and frequently purchases Beauty & Personal Care"
CUST0000497,Robert Martinez,Budget,18-24,1057.04,2021-04-16 08:19:37.545962,In-Store,"Budget customer in 55-64 age bracket, prefers Hybrid shopping with strong interest in Electronics"
CUST0000498,Elizabeth Smith,VIP,65+,1328.53,2024-04-06 08:19:37.545962,In-Store,"25-34 shopper classified as VIP segment, primarily uses Hybrid and frequently purchases Automotive"
CUST0000499,Jennifer Davis,Standard,65+,5325.38,2023-11-21 08:19:37.545962,In-Store,"55-64 demographic, Standard classification, shows consistent Hybrid activity and Clothing preference"
CUST0000500,Jessica Lopez,Budget,35-44,473.02,2021-10-04 08:19:37.545962,In-Store,"18-24 demographic, Budget classification, shows consistent Mobile App activity and Automotive preference"
