Asset ID,Product Name,Asset Type,Description,Deployment Date,Status,Region,File Path,Usage Guidelines,Associated Campaign
BA-1001,QuantumLeap Solutions,Brand Mascot,"Character illustration for QuantumLeap Solutions featured in the Neutron Drive advertising campaign.",2011-09-17,Archived,Global,//assets.internal/QuantumLeapSolutions/Brand/Brand_Mascot/Brand_Mascot_1.ai,Web-only. Use Hex codes #XXXXXX #YYYYYY #ZZZZZZ.,not used
BA-1002,Vortex Industries,Primary Font,Standard Primary Font asset for general corporate use by Vortex Industries.,2012-10-18,Active,EMEA,//assets.internal/VortexIndustries/Brand/Primary_Font/Primary_Font_2.otf,Do not stretch alter or recolor. Primary use only.,Year-End Review 2024
BA-1003,Synergy Group,Icon Set,Icon Set design featuring branding for the Unite Platform launch.,2020-03-22,Active,APAC,//assets.internal/SynergyGroup/Brand/Icon_Set/Icon_Set_3.zip,Approved for all digital and print marketing materials.,NextGen Launch
BA-1004,Orion Marketing,Jingle,Standard Jingle asset for general corporate use by Orion Marketing.,2009-08-27,Active,North America,//assets.internal/OrionMarketing/Brand/Jingle/Jingle_4.mp3,Requires legal approval before external use.,not used
BA-1005,AetherWorks,Presentation Template,Standard Presentation Template asset for general corporate use by AetherWorks.,2013-09-07,Active,North America,//assets.internal/AetherWorks/Brand/Presentation_Template/Presentation_Template_5.pptx,Approved for all digital and print marketing materials.,Future Forward 2025
BA-1006,Stellar Systems,Social Media Banner,Social Media Banner design featuring branding for the Galaxy Watch launch.,2015-06-25,Active,Global,//assets.internal/StellarSystems/Brand/Social_Media_Banner/Social_Media_Banner_6.jpg,For internal use only. Not for public distribution.,not used
BA-1007,Pinnacle Brands,Brand Mascot,"Character illustration for Pinnacle Brands featured in the Everest Jacket advertising campaign.",2024-03-01,Active,Global,//assets.internal/PinnacleBrands/Brand/Brand_Mascot/Brand_Mascot_7.ai,Do not stretch alter or recolor. Primary use only.,Project Nova
BA-1008,Momentum Labs,Storefront Signage,Storefront Signage design featuring branding for the Velocity SDK launch.,2016-12-19,Active,APAC,//assets.internal/MomentumLabs/Brand/Storefront_Signage/Storefront_Signage_8.pdf,Print-only. Use CMYK values from the brand guide.,Innovate & Elevate
BA-1009,AquaSphere Tech,Secondary Font,Standard Secondary Font asset for general corporate use by AquaSphere Tech.,2014-04-20,Active,EMEA,//assets.internal/AquaSphereTech/Brand/Secondary_Font/Secondary_Font_9.ttf,Use on light backgrounds only. Maintain 20px clear space.,Brand Unification 2023
BA-1010,Innovate Inc.,Email Signature,Standard Email Signature asset for general corporate use by Innovate Inc.,2018-09-02,Active,North America,//assets.internal/InnovateInc/Brand/Email_Signature/Email_Signature_10.html,Minimum size 50px width. Refer to brand guidelines for full details.,not used
BA-1011,Innovate Inc.,Brand Guidelines PDF,"Comprehensive PDF document outlining all brand usage rules for Innovate Inc.",2011-09-24,Archived,North America,//assets.internal/InnovateInc/Brand/Brand_Guidelines_PDF/Brand_Guidelines_PDF_11.pdf,For internal use only. Not for public distribution.,not used
BA-1012,Catalyst Co.,Secondary Font,Standard Secondary Font asset for general corporate use by Catalyst Co.,2019-09-12,Active,Global,//assets.internal/CatalystCo/Brand/Secondary_Font/Secondary_Font_12.ttf,Web-only. Use Hex codes #XXXXXX #YYYYYY #ZZZZZZ.,not used
BA-1013,Apex Digital,Storefront Signage,Storefront Signage design featuring branding for the Pinnacle Ad-Suite launch.,2014-06-12,Active,EMEA,//assets.internal/ApexDigital/Brand/Storefront_Signage/Storefront_Signage_13.pdf,Minimum size 50px width. Refer to brand guidelines for full details.,Summer Splash Sale
BA-1014,Solstice Media,Color Palette,"Official brand color palette for Solstice Media including primary secondary and accent colors.",2012-07-16,Active,North America,//assets.internal/SolsticeMedia/Brand/Color_Palette/Color_Palette_14.ase,Do not stretch alter or recolor. Primary use only.,not used
BA-1015,Vortex Industries,Logomark,"The official Logomark for Vortex Industries used on Cyclone Turbine marketing materials.",2016-11-20,Active,North America,//assets.internal/VortexIndustries/Brand/Logomark/Logomark_15.png,Requires legal approval before external use.,Q3 Growth Initiative
BA-1016,Zenith Dynamics,Wordmark,"The official Wordmark for Zenith Dynamics used on Momentum ERP marketing materials.",2018-09-17,Active,Global,//assets.internal/ZenithDynamics/Brand/Wordmark/Wordmark_16.eps,Use on light backgrounds only. Maintain 20px clear space.,not used
BA-1017,QuantumLeap Solutions,Primary Font,Standard Primary Font asset for general corporate use by QuantumLeap Solutions.,2019-12-07,Active,Global,//assets.internal/QuantumLeapSolutions/Brand/Primary_Font/Primary_Font_17.otf,Do not stretch alter or recolor. Primary use only.,not used
BA-1018,Fusion Core,Product Packaging Design,Official product packaging design for the Isotope App consumer release.,2025-07-16,Archived,Global,//assets.internal/FusionCore/Brand/Product_Packaging_Design/Product_Packaging_Design_18.pdf,Do not stretch alter or recolor. Primary use only.,Spring Refresh
BA-1019,Terra Firma Corp.,Social Media Banner,Social Media Banner design featuring branding for the Keystone Security launch.,2024-03-23,Active,EMEA,//assets.internal/TerraFirmaCorp/Brand/Social_Media_Banner/Social_Media_Banner_19.jpg,Use on light backgrounds only. Maintain 20px clear space.,not used
BA-1020,Zenith Dynamics,Social Media Banner,Social Media Banner design featuring branding for the Momentum ERP launch.,2022-02-14,Active,North America,//assets.internal/ZenithDynamics/Brand/Social_Media_Banner/Social_Media_Banner_20.jpg,Use on light backgrounds only. Maintain 20px clear space.,Project Nova
BA-1021,Stellar Systems,Social Media Banner,Social Media Banner design featuring branding for the Orion Suite launch.,2013-05-18,Archived,North America,//assets.internal/StellarSystems/Brand/Social_Media_Banner/Social_Media_Banner_21.jpg,Approved for all digital and print marketing materials.,not used
BA-1022,Pinnacle Brands,Brand Mascot,"Character illustration for Pinnacle Brands featured in the Everest Jacket advertising campaign.",2023-01-20,Active,EMEA,//assets.internal/PinnacleBrands/Brand/Brand_Mascot/Brand_Mascot_22.ai,Do not stretch alter or recolor. Primary use only.,Spring Refresh
BA-1023,Fusion Core,Wordmark,"The official Wordmark for Fusion Core used on Molecule Monitor marketing materials.",2009-08-27,In Review,Global,//assets.internal/FusionCore/Brand/Wordmark/Wordmark_23.eps,Requires legal approval before external use.,Brand Unification 2023
BA-1024,Synergy Group,Color Palette,"Official brand color palette for Synergy Group including primary secondary and accent colors.",2019-12-07,Active,Global,//assets.internal/SynergyGroup/Brand/Color_Palette/Color_Palette_24.ase,Web-only. Use Hex codes #XXXXXX #YYYYYY #ZZZZZZ.,not used
BA-1025,Helios Energy,Brand Guidelines PDF,"Comprehensive PDF document outlining all brand usage rules for Helios Energy.",2016-12-19,Active,LATAM,//assets.internal/HeliosEnergy/Brand/Brand_Guidelines_PDF/Brand_Guidelines_PDF_25.pdf,Minimum size 50px width. Refer to brand guidelines for full details.,Innovate & Elevate
BA-1026,QuantumLeap Solutions,Wordmark,"The official Wordmark for QuantumLeap Solutions used on Electron App marketing materials.",2012-07-06,Archived,Global,//assets.internal/QuantumLeapSolutions/Brand/Wordmark/Wordmark_26.eps,Approved for all digital and print marketing materials.,Summer Splash Sale
BA-1027,Terra Firma Corp.,Primary Font,Standard Primary Font asset for general corporate use by Terra Firma Corp.,2025-05-12,Active,Global,//assets.internal/TerraFirmaCorp/Brand/Primary_Font/Primary_Font_27.otf,Web-only. Use Hex codes #XXXXXX #YYYYYY #ZZZZZZ.,not used
BA-1028,Fusion Core,Slogan/Tagline,Standard Slogan/Tagline asset for general corporate use by Fusion Core.,2008-01-28,Retired,Global,//assets.internal/FusionCore/Brand/Slogan_Tagline/Slogan_Tagline_28.txt,Minimum size 50px width. Refer to brand guidelines for full details.,not used
BA-1029,AetherWorks,Primary Font,Standard Primary Font asset for general corporate use by AetherWorks.,2016-09-22,Active,Global,//assets.internal/AetherWorks/Brand/Primary_Font/Primary_Font_29.otf,Use on light backgrounds only. Maintain 20px clear space.,Future Forward 2025
BA-1030,Evolve Creative,Icon Set,Icon Set design featuring branding for the Genesis Design Suite launch.,2021-03-23,Active,Global,//assets.internal/EvolveCreative/Brand/Icon_Set/Icon_Set_30.zip,Approved for all digital and print marketing materials.,not used
BA-1031,Synergy Group,Storefront Signage,Storefront Signage design featuring branding for the Concord Project Manager launch.,2016-01-22,Active,Global,//assets.internal/SynergyGroup/Brand/Storefront_Signage/Storefront_Signage_31.pdf,Web-only. Use Hex codes #XXXXXX #YYYYYY #ZZZZZZ.,not used
BA-1032,Apex Digital,Logomark,"The official Logomark for Apex Digital used on Crest CMS marketing materials.",2017-06-25,Active,Global,//assets.internal/ApexDigital/Brand/Logomark/Logomark_32.png,Print-only. Use CMYK values from the brand guide.,not used
BA-1033,Nexus Innovations,Slogan/Tagline,Standard Slogan/Tagline asset for general corporate use by Nexus Innovations.,2012-09-08,Archived,EMEA,//assets.internal/NexusInnovations/Brand/Slogan_Tagline/Slogan_Tagline_33.txt,Approved for all digital and print marketing materials.,not used
BA-1034,Solstice Media,Secondary Font,Standard Secondary Font asset for general corporate use by Solstice Media.,2012-11-20,Active,EMEA,//assets.internal/SolsticeMedia/Brand/Secondary_Font/Secondary_Font_34.ttf,Approved for all digital and print marketing materials.,Q3 Growth Initiative
BA-1035,Momentum Labs,Icon Set,Icon Set design featuring branding for the Velocity SDK launch.,2009-06-05,Active,Global,//assets.internal/MomentumLabs/Brand/Icon_Set/Icon_Set_35.zip,Do not stretch alter or recolor. Primary use only.,not used
BA-1036,Momentum Labs,Primary Font,Standard Primary Font asset for general corporate use by Momentum Labs.,2020-05-18,Active,Global,//assets.internal/MomentumLabs/Brand/Primary_Font/Primary_Font_36.otf,For internal use only. Not for public distribution.,not used
BA-1037,Innovate Inc.,Jingle,Standard Jingle asset for general corporate use by Innovate Inc.,2019-01-14,Active,North America,//assets.internal/InnovateInc/Brand/Jingle/Jingle_37.mp3,Use on light backgrounds only. Maintain 20px clear space.,not used
BA-1038,AetherWorks,Social Media Banner,Social Media Banner design featuring branding for the Sky-Form launch.,2018-02-14,Active,Global,//assets.internal/AetherWorks/Brand/Social_Media_Banner/Social_Media_Banner_38.jpg,Requires legal approval before external use.,not used
BA-1039,Zenith Dynamics,Social Media Banner,Social Media Banner design featuring branding for the Vertex AI launch.,2015-08-01,Archived,Global,//assets.internal/ZenithDynamics/Brand/Social_Media_Banner/Social_Media_Banner_39.jpg,Do not stretch alter or recolor. Primary use only.,Year-End Review 2024
BA-1040,AquaSphere Tech,Wordmark,"The official Wordmark for AquaSphere Tech used on Hydra OS marketing materials.",2012-05-02,Active,Global,//assets.internal/AquaSphereTech/Brand/Wordmark/Wordmark_40.eps,Do not stretch alter or recolor. Primary use only.,Summer Splash Sale
BA-1041,Innovate Inc.,Product Packaging Design,Official product packaging design for the Insight BI consumer release.,2015-10-21,Active,Global,//assets.internal/InnovateInc/Brand/Product_Packaging_Design/Product_Packaging_Design_41.pdf,Must be accompanied by the official company wordmark.,not used
BA-1042,Terra Firma Corp.,Wordmark,"The official Wordmark for Terra Firma Corp. used on Foundation DB marketing materials.",2005-06-03,Active,North America,//assets.internal/TerraFirmaCorp/Brand/Wordmark/Wordmark_42.eps,Print-only. Use CMYK values from the brand guide.,not used
BA-1043,Momentum Labs,Logomark,"The official Logomark for Momentum Labs used on Impulse API marketing materials.",2010-09-02,Active,LATAM,//assets.internal/MomentumLabs/Brand/Logomark/Logomark_43.png,Do not stretch alter or recolor. Primary use only.,Innovate & Elevate
BA-1044,Helios Energy,Slogan/Tagline,Standard Slogan/Tagline asset for general corporate use by Helios Energy.,2015-04-12,Active,North America,//assets.internal/HeliosEnergy/Brand/Slogan_Tagline/Slogan_Tagline_44.txt,For internal use only. Not for public distribution.,not used
BA-1045,Nexus Innovations,Logo,"Primary company logo for Nexus Innovations applied to the Node Framework product line.",2010-03-01,Active,North America,//assets.internal/NexusInnovations/Brand/Logo/Logo_45.svg,Minimum size 50px width. Refer to brand guidelines for full details.,Project Nova
BA-1046,QuantumLeap Solutions,Wordmark,"The official Wordmark for QuantumLeap Solutions used on Neutron Drive marketing materials.",2011-09-24,Archived,APAC,//assets.internal/QuantumLeapSolutions/Brand/Wordmark/Wordmark_46.eps,Must be accompanied by the official company wordmark.,Brand Unification 2023
BA-1047,Zenith Dynamics,Email Signature,Standard Email Signature asset for general corporate use by Zenith Dynamics.,2022-09-22,Active,Global,//assets.internal/ZenithDynamics/Brand/Email_Signature/Email_Signature_47.html,Web-only. Use Hex codes #XXXXXX #YYYYYY #ZZZZZZ.,not used
BA-1048,Fusion Core,Social Media Banner,Social Media Banner design featuring branding for the Isotope App launch.,2006-08-25,Active,North America,//assets.internal/FusionCore/Brand/Social_Media_Banner/Social_Media_Banner_48.jpg,Web-only. Use Hex codes #XXXXXX #YYYYYY #ZZZZZZ.,not used
BA-1049,Apex Digital,Brand Mascot,"Character illustration for Apex Digital featured in the Summit SEO advertising campaign.",2010-08-24,Active,APAC,//assets.internal/ApexDigital/Brand/Brand_Mascot/Brand_Mascot_49.ai,Must be accompanied by the official company wordmark.,not used
BA-1050,Nexus Innovations,Presentation Template,Standard Presentation Template asset for general corporate use by Nexus Innovations.,2015-09-17,Active,North America,//assets.internal/NexusInnovations/Brand/Presentation_Template/Presentation_Template_50.pptx,Use on light backgrounds only. Maintain 20px clear space.,not used
BA-1051,Equinox Ventures,Icon Set,Icon Set design featuring branding for the Leverage Funder launch.,2012-02-12,Active,EMEA,//assets.internal/EquinoxVentures/Brand/Icon_Set/Icon_Set_51.zip,Approved for all digital and print marketing materials.,not used
BA-1052,Orion Marketing,Jingle,Standard Jingle asset for general corporate use by Orion Marketing.,2019-09-29,Active,North America,//assets.internal/OrionMarketing/Brand/Jingle/Jingle_52.mp3,Approved for all digital and print marketing materials.,not used
BA-1053,Helios Energy,Logo,"Primary company logo for Helios Energy applied to the Solaris Panel product line.",2016-08-01,Retired,Global,//assets.internal/HeliosEnergy/Brand/Logo/Logo_53.svg,Use on light backgrounds only. Maintain 20px clear space.,not used
BA-1054,Solstice Media,Color Palette,"Official brand color palette for Solstice Media including primary secondary and accent colors.",2015-01-20,Active,EMEA,//assets.internal/SolsticeMedia/Brand/Color_Palette/Color_Palette_54.ase,Web-only. Use Hex codes #XXXXXX #YYYYYY #ZZZZZZ.,Q3 Growth Initiative
BA-1055,Stellar Systems,Social Media Banner,Social Media Banner design featuring branding for the Galaxy Watch launch.,2020-06-18,Active,EMEA,//assets.internal/StellarSystems/Brand/Social_Media_Banner/Social_Media_Banner_55.jpg,Requires legal approval before external use.,not used
BA-1056,Orion Marketing,Slogan/Tagline,Standard Slogan/Tagline asset for general corporate use by Orion Marketing.,2008-02-09,Active,North America,//assets.internal/OrionMarketing/Brand/Slogan_Tagline/Slogan_Tagline_56.txt,For internal use only. Not for public distribution.,not used
BA-1057,Nexus Innovations,Storefront Signage,Storefront Signage design featuring branding for the LinkGrid launch.,2023-08-22,Active,North America,//assets.internal/NexusInnovations/Brand/Storefront_Signage/Storefront_Signage_57.pdf,Requires legal approval before external use.,not used
BA-1058,QuantumLeap Solutions,Secondary Font,Standard Secondary Font asset for general corporate use by QuantumLeap Solutions.,2009-02-19,Active,Global,//assets.internal/QuantumLeapSolutions/Brand/Secondary_Font/Secondary_Font_58.ttf,For internal use only. Not for public distribution.,not used
BA-1059,Terra Firma Corp.,Secondary Font,Standard Secondary Font asset for general corporate use by Terra Firma Corp.,2009-12-14,Active,Global,//assets.internal/TerraFirmaCorp/Brand/Secondary_Font/Secondary_Font_59.ttf,Print-only. Use CMYK values from the brand guide.,not used
BA-1060,AquaSphere Tech,Icon Set,Icon Set design featuring branding for the Triton Water Purifier launch.,2019-12-25,Active,Global,//assets.internal/AquaSphereTech/Brand/Icon_Set/Icon_Set_60.zip,Approved for all digital and print marketing materials.,not used
BA-1061,Solstice Media,Secondary Font,Standard Secondary Font asset for general corporate use by Solstice Media.,2019-10-18,Active,Global,//assets.internal/SolsticeMedia/Brand/Secondary_Font/Secondary_Font_61.ttf,Print-only. Use CMYK values from the brand guide.,not used
BA-1062,Catalyst Co.,Brand Guidelines PDF,"Comprehensive PDF document outlining all brand usage rules for Catalyst Co.",2017-02-19,Active,North America,//assets.internal/CatalystCo/Brand/Brand_Guidelines_PDF/Brand_Guidelines_PDF_62.pdf,For internal use only. Not for public distribution.,not used
BA-1063,Orion Marketing,Logo,"Primary company logo for Orion Marketing applied to the Stardust SEO product line.",2005-02-09,Active,Global,//assets.internal/OrionMarketing/Brand/Logo/Logo_63.svg,Use on light backgrounds only. Maintain 20px clear space.,not used
BA-1064,Fusion Core,Color Palette,"Official brand color palette for Fusion Core including primary secondary and accent colors.",2014-03-09,Active,APAC,//assets.internal/FusionCore/Brand/Color_Palette/Color_Palette_64.ase,Do not stretch alter or recolor. Primary use only.,not used
BA-1065,Equinox Ventures,Jingle,Standard Jingle asset for general corporate use by Equinox Ventures.,2011-04-20,Active,EMEA,//assets.internal/EquinoxVentures/Brand/Jingle/Jingle_65.mp3,Requires legal approval before external use.,not used
BA-1066,Nexus Innovations,Social Media Banner,Social Media Banner design featuring branding for the Hub OS launch.,2012-07-28,Active,EMEA,//assets.internal/NexusInnovations/Brand/Social_Media_Banner/Social_Media_Banner_66.jpg,Approved for all digital and print marketing materials.,not used
BA-1067,Synergy Group,Product Packaging Design,Official product packaging design for the Concord Project Manager consumer release.,2025-06-25,Active,North America,//assets.internal/SynergyGroup/Brand/Product_Packaging_Design/Product_Packaging_Design_67.pdf,Requires legal approval before external use.,Summer Splash Sale
BA-1068,Innovate Inc.,Brand Guidelines PDF,"Comprehensive PDF document outlining all brand usage rules for Innovate Inc.",2011-08-01,Archived,EMEA,//assets.internal/InnovateInc/Brand/Brand_Guidelines_PDF/Brand_Guidelines_PDF_68.pdf,Do not stretch alter or recolor. Primary use only.,not used
BA-1069,Solstice Media,Logomark,"The official Logomark for Solstice Media used on Wintertide Analytics marketing materials.",2009-02-14,Active,LATAM,//assets.internal/SolsticeMedia/Brand/Logomark/Logomark_69.png,Web-only. Use Hex codes #XXXXXX #YYYYYY #ZZZZZZ.,not used
BA-1070,Evolve Creative,Wordmark,"The official Wordmark for Evolve Creative used on Apex Animator marketing materials.",2013-09-07,Active,North America,//assets.internal/EvolveCreative/Brand/Wordmark/Wordmark_70.eps,Print-only. Use CMYK values from the brand guide.,not used
BA-1071,Equinox Ventures,Primary Font,Standard Primary Font asset for general corporate use by Equinox Ventures.,2017-06-13,Active,North America,//assets.internal/EquinoxVentures/Brand/Primary_Font/Primary_Font_71.otf,Must be accompanied by the official company wordmark.,not used
BA-1072,AquaSphere Tech,Primary Font,Standard Primary Font asset for general corporate use by AquaSphere Tech.,2011-01-20,Active,Global,//assets.internal/AquaSphereTech/Brand/Primary_Font/Primary_Font_72.otf,Do not stretch alter or recolor. Primary use only.,Innovate & Elevate
BA-1073,Vortex Industries,Brand Guidelines PDF,"Comprehensive PDF document outlining all brand usage rules for Vortex Industries.",2014-06-03,Active,Global,//assets.internal/VortexIndustries/Brand/Brand_Guidelines_PDF/Brand_Guidelines_PDF_73.pdf,Minimum size 50px width. Refer to brand guidelines for full details.,not used
BA-1074,Stellar Systems,Slogan/Tagline,Standard Slogan/Tagline asset for general corporate use by Stellar Systems.,2008-07-07,Active,EMEA,//assets.internal/StellarSystems/Brand/Slogan_Tagline/Slogan_Tagline_74.txt,Approved for all digital and print marketing materials.,Future Forward 2025
BA-1075,Vortex Industries,Icon Set,Icon Set design featuring branding for the Tornado Drill launch.,2022-09-06,Archived,North America,//assets.internal/VortexIndustries/Brand/Icon_Set/Icon_Set_75.zip,Use on light backgrounds only. Maintain 20px clear space.,not used
BA-1076,AetherWorks,Storefront Signage,Storefront Signage design featuring branding for the Mist Engine launch.,2009-05-18,Active,Global,//assets.internal/AetherWorks/Brand/Storefront_Signage/Storefront_Signage_76.pdf,Do not stretch alter or recolor. Primary use only.,Project Nova
BA-1077,QuantumLeap Solutions,Wordmark,"The official Wordmark for QuantumLeap Solutions used on Electron App marketing materials.",2018-09-15,Active,Global,//assets.internal/QuantumLeapSolutions/Brand/Wordmark/Wordmark_77.eps,Approved for all digital and print marketing materials.,NextGen Launch
BA-1078,AetherWorks,Slogan/Tagline,Standard Slogan/Tagline asset for general corporate use by AetherWorks.,2019-12-07,Active,APAC,//assets.internal/AetherWorks/Brand/Slogan_Tagline/Slogan_Tagline_78.txt,For internal use only. Not for public distribution.,not used
BA-1079,AquaSphere Tech,Wordmark,"The official Wordmark for AquaSphere Tech used on Hydra OS marketing materials.",2016-12-04,Archived,Global,//assets.internal/AquaSphereTech/Brand/Wordmark/Wordmark_79.eps,Requires legal approval before external use.,not used
BA-1080,Innovate Inc.,Email Signature,Standard Email Signature asset for general corporate use by Innovate Inc.,2010-09-12,Active,APAC,//assets.internal/InnovateInc/Brand/Email_Signature/Email_Signature_80.html,Requires legal approval before external use.,not used
BA-1081,Apex Digital,Wordmark,"The official Wordmark for Apex Digital used on Crest CMS marketing materials.",2017-06-12,Active,Global,//assets.internal/ApexDigital/Brand/Wordmark/Wordmark_81.eps,Approved for all digital and print marketing materials.,not used
BA-1082,Synergy Group,Jingle,Standard Jingle asset for general corporate use by Synergy Group.,2016-01-20,Active,EMEA,//assets.internal/SynergyGroup/Brand/Jingle/Jingle_82.mp3,Approved for all digital and print marketing materials.,Spring Refresh
BA-1083,Synergy Group,Presentation Template,Standard Presentation Template asset for general corporate use by Synergy Group.,2006-05-18,Archived,LATAM,//assets.internal/SynergyGroup/Brand/Presentation_Template/Presentation_Template_83.pptx,Must be accompanied by the official company wordmark.,not used
BA-1084,Solstice Media,Color Palette,"Official brand color palette for Solstice Media including primary secondary and accent colors.",2005-08-01,In Review,Global,//assets.internal/SolsticeMedia/Brand/Color_Palette/Color_Palette_84.ase,Web-only. Use Hex codes #XXXXXX #YYYYYY #ZZZZZZ.,not used
BA-1085,Zenith Dynamics,Logomark,"The official Logomark for Zenith Dynamics used on Momentum ERP marketing materials.",2006-03-24,Active,Global,//assets.internal/ZenithDynamics/Brand/Logomark/Logomark_85.png,Web-only. Use Hex codes #XXXXXX #YYYYYY #ZZZZZZ.,not used
BA-1086,Evolve Creative,Product Packaging Design,Official product packaging design for the Apex Animator consumer release.,2025-07-28,Active,North America,//assets.internal/EvolveCreative/Brand/Product_Packaging_Design/Product_Packaging_Design_86.pdf,Minimum size 50px width. Refer to brand guidelines for full details.,NextGen Launch
BA-1087,Evolve Creative,Wordmark,"The official Wordmark for Evolve Creative used on Chrysalis Video Editor marketing materials.",2012-07-16,Active,EMEA,//assets.internal/EvolveCreative/Brand/Wordmark/Wordmark_87.eps,Approved for all digital and print marketing materials.,not used
BA-1088,Nexus Innovations,Presentation Template,Standard Presentation Template asset for general corporate use by Nexus Innovations.,2013-11-20,Active,North America,//assets.internal/NexusInnovations/Brand/Presentation_Template/Presentation_Template_88.pptx,Use on light backgrounds only. Maintain 20px clear space.,not used
BA-1089,Stellar Systems,Slogan/Tagline,Standard Slogan/Tagline asset for general corporate use by Stellar Systems.,2008-11-16,Archived,APAC,//assets.internal/StellarSystems/Brand/Slogan_Tagline/Slogan_Tagline_89.txt,Web-only. Use Hex codes #XXXXXX #YYYYYY #ZZZZZZ.,not used
BA-1090,Pinnacle Brands,Brand Mascot,"Character illustration for Pinnacle Brands featured in the K2 Backpack advertising campaign.",2024-05-24,Active,Global,//assets.internal/PinnacleBrands/Brand/Brand_Mascot/Brand_Mascot_90.ai,Use on light backgrounds only. Maintain 20px clear space.,not used
BA-1091,Fusion Core,Wordmark,"The official Wordmark for Fusion Core used on Isotope App marketing materials.",2012-10-02,Archived,Global,//assets.internal/FusionCore/Brand/Wordmark/Wordmark_91.eps,Approved for all digital and print marketing materials.,not used
BA-1092,Apex Digital,Logomark,"The official Logomark for Apex Digital used on Summit SEO marketing materials.",2014-06-18,Active,Global,//assets.internal/ApexDigital/Brand/Logomark/Logomark_92.png,Web-only. Use Hex codes #XXXXXX #YYYYYY #ZZZZZZ.,Future Forward 2025
BA-1093,Helios Energy,Icon Set,Icon Set design featuring branding for the Flare Grid launch.,2020-03-22,Active,North America,//assets.internal/HeliosEnergy/Brand/Icon_Set/Icon_Set_93.zip,Approved for all digital and print marketing materials.,not used
BA-1094,Fusion Core,Jingle,Standard Jingle asset for general corporate use by Fusion Core.,2019-10-22,Active,Global,//assets.internal/FusionCore/Brand/Jingle/Jingle_94.mp3,Approved for all digital and print marketing materials.,not used
BA-1095,Orion Marketing,Jingle,Standard Jingle asset for general corporate use by Orion Marketing.,2024-07-06,Active,North America,//assets.internal/OrionMarketing/Brand/Jingle/Jingle_95.mp3,Minimum size 50px width. Refer to brand guidelines for full details.,not used
BA-1096,Vortex Industries,Brand Guidelines PDF,"Comprehensive PDF document outlining all brand usage rules for Vortex Industries.",2012-07-28,Active,EMEA,//assets.internal/VortexIndustries/Brand/Brand_Guidelines_PDF/Brand_Guidelines_PDF_96.pdf,Requires legal approval before external use.,not used
BA-1097,Zenith Dynamics,Secondary Font,Standard Secondary Font asset for general corporate use by Zenith Dynamics.,2009-08-01,Active,EMEA,//assets.internal/ZenithDynamics/Brand/Secondary_Font/Secondary_Font_97.ttf,Print-only. Use CMYK values from the brand guide.,not used
BA-1098,Vortex Industries,Icon Set,Icon Set design featuring branding for the Cyclone Turbine launch.,2013-09-17,Active,North America,//assets.internal/VortexIndustries/Brand/Icon_Set/Icon_Set_98.zip,Use on light backgrounds only. Maintain 20px clear space.,not used
BA-1099,Stellar Systems,Social Media Banner,Social Media Banner design featuring branding for the Orion Suite launch.,2015-01-20,Archived,North America,//assets.internal/StellarSystems/Brand/Social_Media_Banner/Social_Media_Banner_99.jpg,Use on light backgrounds only. Maintain 20px clear space.,Brand Unification 2023
BA-1100,Orion Marketing,Logo,"Primary company logo for Orion Marketing applied to the Stardust SEO product line.",2024-03-12,Archived,Global,//assets.internal/OrionMarketing/Brand/Logo/Logo_100.svg,Approved for all digital and print marketing materials.,not used
BA-1101,Terra Firma Corp.,Social Media Banner,Social Media Banner design featuring branding for the Keystone Security launch.,2016-06-25,In Review,North America,//assets.internal/TerraFirmaCorp/Brand/Social_Media_Banner/Social_Media_Banner_101.jpg,For internal use only. Not for public distribution.,NextGen Launch
BA-1102,Momentum Labs,Color Palette,"Official brand color palette for Momentum Labs including primary secondary and accent colors.",2013-08-25,Archived,Global,//assets.internal/MomentumLabs/Brand/Color_Palette/Color_Palette_102.ase,Requires legal approval before external use.,not used
BA-1103,Solstice Media,Secondary Font,Standard Secondary Font asset for general corporate use by Solstice Media.,2014-04-22,Active,Global,//assets.internal/SolsticeMedia/Brand/Secondary_Font/Secondary_Font_103.ttf,Print-only. Use CMYK values from the brand guide.,Q3 Growth Initiative
BA-1104,Innovate Inc.,Jingle,Standard Jingle asset for general corporate use by Innovate Inc.,2022-09-04,Active,Global,//assets.internal/InnovateInc/Brand/Jingle/Jingle_104.mp3,Requires legal approval before external use.,not used
BA-1105,Zenith Dynamics,Logo,"Primary company logo for Zenith Dynamics applied to the Momentum ERP product line.",2005-02-14,Active,APAC,//assets.internal/ZenithDynamics/Brand/Logo/Logo_105.svg,Web-only. Use Hex codes #XXXXXX #YYYYYY #ZZZZZZ.,not used
BA-1106,AetherWorks,Wordmark,"The official Wordmark for AetherWorks used on Cloudstrider marketing materials.",2013-07-28,Active,Global,//assets.internal/AetherWorks/Brand/Wordmark/Wordmark_106.eps,Must be accompanied by the official company wordmark.,not used
BA-1107,Pinnacle Brands,Brand Mascot,"Character illustration for Pinnacle Brands featured in the Alpine Snack Bar advertising campaign.",2011-04-18,Active,Global,//assets.internal/PinnacleBrands/Brand/Brand_Mascot/Brand_Mascot_107.ai,Do not stretch alter or recolor. Primary use only.,not used
BA-1108,AquaSphere Tech,Brand Guidelines PDF,"Comprehensive PDF document outlining all brand usage rules for AquaSphere Tech.",2021-03-18,Archived,North America,//assets.internal/AquaSphereTech/Brand/Brand_Guidelines_PDF/Brand_Guidelines_PDF_108.pdf,Do not stretch alter or recolor. Primary use only.,not used
BA-1109,Apex Digital,Logo,"Primary company logo for Apex Digital applied to the Pinnacle Ad-Suite product line.",2012-07-06,Active,Global,//assets.internal/ApexDigital/Brand/Logo/Logo_109.svg,Do not stretch alter or recolor. Primary use only.,Summer Splash Sale
BA-1110,Apex Digital,Logo,"Primary company logo for Apex Digital applied to the Pinnacle Ad-Suite product line.",2012-04-18,Active,Global,//assets.internal/ApexDigital/Brand/Logo/Logo_110.svg,Use on light backgrounds only. Maintain 20px clear space.,not used
BA-1111,Pinnacle Brands,Product Packaging Design,Official product packaging design for the Everest Jacket consumer release.,2020-04-20,Active,EMEA,//assets.internal/PinnacleBrands/Brand/Product_Packaging_Design/Product_Packaging_Design_111.pdf,Use on light backgrounds only. Maintain 20px clear space.,Summer Splash Sale
BA-1112,AquaSphere Tech,Wordmark,"The official Wordmark for AquaSphere Tech used on Poseidon Sensor marketing materials.",2018-09-12,Active,Global,//assets.internal/AquaSphereTech/Brand/Wordmark/Wordmark_112.eps,Do not stretch alter or recolor. Primary use only.,not used
BA-1113,Momentum Labs,Email Signature,Standard Email Signature asset for general corporate use by Momentum Labs.,2020-02-09,Active,Global,//assets.internal/MomentumLabs/Brand/Email_Signature/Email_Signature_113.html,Requires legal approval before external use.,not used
BA-1114,Innovate Inc.,Jingle,Standard Jingle asset for general corporate use by Innovate Inc.,2016-09-02,Active,EMEA,//assets.internal/InnovateInc/Brand/Jingle/Jingle_114.mp3,For internal use only. Not for public distribution.,not used
BA-1115,Apex Digital,Storefront Signage,Storefront Signage design featuring branding for the Crest CMS launch.,2012-01-09,Active,North America,//assets.internal/ApexDigital/Brand/Storefront_Signage/Storefront_Signage_115.pdf,Approved for all digital and print marketing materials.,not used
BA-1116,Stellar Systems,Presentation Template,Standard Presentation Template asset for general corporate use by Stellar Systems.,2016-03-01,In Review,North America,//assets.internal/StellarSystems/Brand/Presentation_Template/Presentation_Template_116.pptx,Use on light backgrounds only. Maintain 20px clear space.,not used
BA-1117,QuantumLeap Solutions,Storefront Signage,Storefront Signage design featuring branding for the Neutron Drive launch.,2010-09-22,Archived,Global,//assets.internal/QuantumLeapSolutions/Brand/Storefront_Signage/Storefront_Signage_117.pdf,Requires legal approval before external use.,not used
BA-1118,Fusion Core,Icon Set,Icon Set design featuring branding for the Element X Reactor launch.,2018-04-22,Active,Global,//assets.internal/FusionCore/Brand/Icon_Set/Icon_Set_118.zip,Must be accompanied by the official company wordmark.,not used
BA-1119,Apex Digital,Secondary Font,Standard Secondary Font asset for general corporate use by Apex Digital.,2007-06-25,Active,North America,//assets.internal/ApexDigital/Brand/Secondary_Font/Secondary_Font_119.ttf,Approved for all digital and print marketing materials.,not used
BA-1120,Solstice Media,Secondary Font,Standard Secondary Font asset for general corporate use by Solstice Media.,2006-12-07,Active,North America,//assets.internal/SolsticeMedia/Brand/Secondary_Font/Secondary_Font_120.ttf,Minimum size 50px width. Refer to brand guidelines for full details.,not used
BA-1121,Pinnacle Brands,Brand Mascot,"Character illustration for Pinnacle Brands featured in the Everest Jacket advertising campaign.",2009-08-01,Archived,EMEA,//assets.internal/PinnacleBrands/Brand/Brand_Mascot/Brand_Mascot_121.ai,Web-only. Use Hex codes #XXXXXX #YYYYYY #ZZZZZZ.,not used
BA-1122,Synergy Group,Product Packaging Design,Official product packaging design for the Concord Project Manager consumer release.,2009-08-25,Active,Global,//assets.internal/SynergyGroup/Brand/Product_Packaging_Design/Product_Packaging_Design_122.pdf,Web-only. Use Hex codes #XXXXXX #YYYYYY #ZZZZZZ.,Brand Unification 2023
BA-1123,Nexus Innovations,Logomark,"The official Logomark for Nexus Innovations used on Node Framework marketing materials.",2017-09-07,Archived,EMEA,//assets.internal/NexusInnovations/Brand/Logomark/Logomark_123.png,Use on light backgrounds only. Maintain 20px clear space.,Spring Refresh
BA-1124,Innovate Inc.,Jingle,Standard Jingle asset for general corporate use by Innovate Inc.,2016-12-25,Active,North America,//assets.internal/InnovateInc/Brand/Jingle/Jingle_124.mp3,Use on light backgrounds only. Maintain 20px clear space.,not used
BA-1125,AetherWorks,Logomark,"The official Logomark for AetherWorks used on Cloudstrider marketing materials.",2006-03-01,Active,North America,//assets.internal/AetherWorks/Brand/Logomark/Logomark_125.png,Requires legal approval before external use.,not used
BA-1126,Equinox Ventures,Jingle,Standard Jingle asset for general corporate use by Equinox Ventures.,2019-07-28,In Review,North America,//assets.internal/EquinoxVentures/Brand/Jingle/Jingle_126.mp3,Approved for all digital and print marketing materials.,not used
BA-1127,Apex Digital,Logomark,"The official Logomark for Apex Digital used on Pinnacle Ad-Suite marketing materials.",2005-02-19,Active,APAC,//assets.internal/ApexDigital/Brand/Logomark/Logomark_127.png,For internal use only. Not for public distribution.,not used
BA-1128,Terra Firma Corp.,Secondary Font,Standard Secondary Font asset for general corporate use by Terra Firma Corp.,2023-01-20,Active,EMEA,//assets.internal/TerraFirmaCorp/Brand/Secondary_Font/Secondary_Font_128.ttf,For internal use only. Not for public distribution.,NextGen Launch
BA-1129,Helios Energy,Brand Guidelines PDF,"Comprehensive PDF document outlining all brand usage rules for Helios Energy.",2010-09-02,Retired,North America,//assets.internal/HeliosEnergy/Brand/Brand_Guidelines_PDF/Brand_Guidelines_PDF_129.pdf,Use on light backgrounds only. Maintain 20px clear space.,not used
BA-1130,Evolve Creative,Wordmark,"The official Wordmark for Evolve Creative used on Apex Animator marketing materials.",2016-10-18,Active,Global,//assets.internal/EvolveCreative/Brand/Wordmark/Wordmark_130.eps,For internal use only. Not for public distribution.,not used
BA-1131,Evolve Creative,Product Packaging Design,Official product packaging design for the Genesis Design Suite consumer release.,2016-01-28,In Review,EMEA,//assets.internal/EvolveCreative/Brand/Product_Packaging_Design/Product_Packaging_Design_131.pdf,Requires legal approval before external use.,not used
BA-1132,Synergy Group,Product Packaging Design,Official product packaging design for the Harmony HR consumer release.,2009-07-16,Active,North America,//assets.internal/SynergyGroup/Brand/Product_Packaging_Design/Product_Packaging_Design_132.pdf,Approved for all digital and print marketing materials.,not used
BA-1133,Synergy Group,Presentation Template,Standard Presentation Template asset for general corporate use by Synergy Group.,2018-09-17,Archived,Global,//assets.internal/SynergyGroup/Brand/Presentation_Template/Presentation_Template_133.pptx,Approved for all digital and print marketing materials.,not used
BA-1134,Equinox Ventures,Slogan/Tagline,Standard Slogan/Tagline asset for general corporate use by Equinox Ventures.,2005-02-09,Active,North America,//assets.internal/EquinoxVentures/Brand/Slogan_Tagline/Slogan_Tagline_134.txt,Use on light backgrounds only. Maintain 20px clear space.,NextGen Launch
BA-1135,Helios Energy,Color Palette,"Official brand color palette for Helios Energy including primary secondary and accent colors.",2010-06-13,Active,EMEA,//assets.internal/HeliosEnergy/Brand/Color_Palette/Color_Palette_135.ase,For internal use only. Not for public distribution.,not used
BA-1136,Solstice Media,Secondary Font,Standard Secondary Font asset for general corporate use by Solstice Media.,2025-09-02,Active,North America,//assets.internal/SolsticeMedia/Brand/Secondary_Font/Secondary_Font_136.ttf,Minimum size 50px width. Refer to brand guidelines for full details.,not used
BA-1137,Pinnacle Brands,Brand Mascot,"Character illustration for Pinnacle Brands featured in the Alpine Snack Bar advertising campaign.",2005-08-25,Active,Global,//assets.internal/PinnacleBrands/Brand/Brand_Mascot/Brand_Mascot_137.ai,Do not stretch alter or recolor. Primary use only.,Q3 Growth Initiative
BA-1138,Synergy Group,Slogan/Tagline,Standard Slogan/Tagline asset for general corporate use by Synergy Group.,2020-03-24,Active,Global,//assets.internal/SynergyGroup/Brand/Slogan_Tagline/Slogan_Tagline_138.txt,Minimum size 50px width. Refer to brand guidelines for full details.,not used
BA-1139,Vortex Industries,Icon Set,Icon Set design featuring branding for the Cyclone Turbine launch.,2023-08-01,Active,Global,//assets.internal/VortexIndustries/Brand/Icon_Set/Icon_Set_139.zip,Use on light backgrounds only. Maintain 20px clear space.,not used
BA-1140,Evolve Creative,Primary Font,Standard Primary Font asset for general corporate use by Evolve Creative.,2009-02-14,In Review,LATAM,//assets.internal/EvolveCreative/Brand/Primary_Font/Primary_Font_140.otf,Must be accompanied by the official company wordmark.,not used
BA-1141,Innovate Inc.,Slogan/Tagline,Standard Slogan/Tagline asset for general corporate use by Innovate Inc.,2025-06-03,Active,North America,//assets.internal/InnovateInc/Brand/Slogan_Tagline/Slogan_Tagline_141.txt,For internal use only. Not for public distribution.,not used
BA-1142,Innovate Inc.,Secondary Font,Standard Secondary Font asset for general corporate use by Innovate Inc.,2023-01-22,Active,Global,//assets.internal/InnovateInc/Brand/Secondary_Font/Secondary_Font_142.ttf,Print-only. Use CMYK values from the brand guide.,not used
BA-1143,QuantumLeap Solutions,Secondary Font,Standard Secondary Font asset for general corporate use by QuantumLeap Solutions.,2024-04-22,Active,Global,//assets.internal/QuantumLeapSolutions/Brand/Secondary_Font/Secondary_Font_143.ttf,Print-only. Use CMYK values from the brand guide.,not used
BA-1144,AetherWorks,Social Media Banner,Social Media Banner design featuring branding for the Cloudstrider launch.,2012-07-28,Active,Global,//assets.internal/AetherWorks/Brand/Social_Media_Banner/Social_Media_Banner_144.jpg,Print-only. Use CMYK values from the brand guide.,Brand Unification 2023
BA-1145,Fusion Core,Wordmark,"The official Wordmark for Fusion Core used on Molecule Monitor marketing materials.",2018-09-04,Archived,Global,//assets.internal/FusionCore/Brand/Wordmark/Wordmark_145.eps,Requires legal approval before external use.,not used
BA-1146,Catalyst Co.,Primary Font,Standard Primary Font asset for general corporate use by Catalyst Co.,2015-09-17,Active,North America,//assets.internal/CatalystCo/Brand/Primary_Font/Primary_Font_146.otf,Print-only. Use CMYK values from the brand guide.,not used
BA-1147,Stellar Systems,Social Media Banner,Social Media Banner design featuring branding for the Galaxy Watch launch.,2022-04-18,Active,North America,//assets.internal/StellarSystems/Brand/Social_Media_Banner/Social_Media_Banner_147.jpg,Do not stretch alter or recolor. Primary use only.,not used
BA-1148,Orion Marketing,Jingle,Standard Jingle asset for general corporate use by Orion Marketing.,2015-05-12,Active,North America,//assets.internal/OrionMarketing/Brand/Jingle/Jingle_148.mp3,Approved for all digital and print marketing materials.,not used
BA-1149,Zenith Dynamics,Social Media Banner,Social Media Banner design featuring branding for the Apex Controller launch.,2012-01-20,Active,EMEA,//assets.internal/ZenithDynamics/Brand/Social_Media_Banner/Social_Media_Banner_149.jpg,Print-only. Use CMYK values from the brand guide.,NextGen Launch
BA-1150,Fusion Core,Icon Set,Icon Set design featuring branding for the Isotope App launch.,2010-09-29,Active,EMEA,//assets.internal/FusionCore/Brand/Icon_Set/Icon_Set_150.zip,Approved for all digital and print marketing materials.,Summer Splash Sale
BA-1151,Fusion Core,Brand Guidelines PDF,"Comprehensive PDF document outlining all brand usage rules for Fusion Core.",2021-04-20,Active,North America,//assets.internal/FusionCore/Brand/Brand_Guidelines_PDF/Brand_Guidelines_PDF_151.pdf,Use on light backgrounds only. Maintain 20px clear space.,not used
BA-1152,Vortex Industries,Brand Mascot,"Character illustration for Vortex Industries featured in the Typhoon Pump advertising campaign.",2019-06-18,Archived,North America,//assets.internal/VortexIndustries/Brand/Brand_Mascot/Brand_Mascot_152.ai,For internal use only. Not for public distribution.,NextGen Launch
BA-1153,Stellar Systems,Primary Font,Standard Primary Font asset for general corporate use by Stellar Systems.,2019-09-12,Active,North America,//assets.internal/StellarSystems/Brand/Primary_Font/Primary_Font_153.otf,Use on light backgrounds only. Maintain 20px clear space.,not used
BA-1154,Apex Digital,Logo,"Primary company logo for Apex Digital applied to the Summit SEO product line.",2005-09-22,Active,North America,//assets.internal/ApexDigital/Brand/Logo/Logo_154.svg,Use on light backgrounds only. Maintain 20px clear space.,not used
BA-1155,AquaSphere Tech,Wordmark,"The official Wordmark for AquaSphere Tech used on Hydra OS marketing materials.",2014-06-05,Archived,APAC,//assets.internal/AquaSphereTech/Brand/Wordmark/Wordmark_155.eps,Requires legal approval before external use.,not used
BA-1156,Fusion Core,Wordmark,"The official Wordmark for Fusion Core used on Element X Reactor marketing materials.",2012-02-09,Active,EMEA,//assets.internal/FusionCore/Brand/Wordmark/Wordmark_156.eps,Do not stretch alter or recolor. Primary use only.,not used
BA-1157,Catalyst Co.,Secondary Font,Standard Secondary Font asset for general corporate use by Catalyst Co.,2025-07-06,Active,Global,//assets.internal/CatalystCo/Brand/Secondary_Font/Secondary_Font_157.ttf,For internal use only. Not for public distribution.,not used
BA-1158,Zenith Dynamics,Secondary Font,Standard Secondary Font asset for general corporate use by Zenith Dynamics.,2009-08-01,Archived,North America,//assets.internal/ZenithDynamics/Brand/Secondary_Font/Secondary_Font_158.ttf,Approved for all digital and print marketing materials.,Future Forward 2025
BA-1159,Evolve Creative,Wordmark,"The official Wordmark for Evolve Creative used on Apex Animator marketing materials.",2015-06-13,Active,North America,//assets.internal/EvolveCreative/Brand/Wordmark/Wordmark_159.eps,Requires legal approval before external use.,NextGen Launch
BA-1160,Momentum Labs,Email Signature,Standard Email Signature asset for general corporate use by Momentum Labs.,2021-08-01,Active,Global,//assets.internal/MomentumLabs/Brand/Email_Signature/Email_Signature_160.html,Minimum size 50px width. Refer to brand guidelines for full details.,not used
BA-1161,Solstice Media,Brand Guidelines PDF,"Comprehensive PDF document outlining all brand usage rules for Solstice Media.",2024-03-09,Active,Global,//assets.internal/SolsticeMedia/Brand/Brand_Guidelines_PDF/Brand_Guidelines_PDF_161.pdf,Requires legal approval before external use.,Year-End Review 2024
BA-1162,Catalyst Co.,Brand Mascot,"Character illustration for Catalyst Co. featured in the Ignition Starter Kit advertising campaign.",2021-01-20,Active,EMEA,//assets.internal/CatalystCo/Brand/Brand_Mascot/Brand_Mascot_162.ai,Use on light backgrounds only. Maintain 20px clear space.,Innovate & Elevate
BA-1163,Solstice Media,Color Palette,"Official brand color palette for Solstice Media including primary secondary and accent colors.",2019-10-18,Active,North America,//assets.internal/SolsticeMedia/Brand/Color_Palette/Color_Palette_163.ase,Do not stretch alter or recolor. Primary use only.,not used
BA-1164,AetherWorks,Storefront Signage,Storefront Signage design featuring branding for the Cloudstrider launch.,2016-01-20,Archived,APAC,//assets.internal/AetherWorks/Brand/Storefront_Signage/Storefront_Signage_164.pdf,Print-only. Use CMYK values from the brand guide.,not used
BA-1165,Solstice Media,Slogan/Tagline,Standard Slogan/Tagline asset for general corporate use by Solstice Media.,2012-07-28,Active,EMEA,//assets.internal/SolsticeMedia/Brand/Slogan_Tagline/Slogan_Tagline_165.txt,Requires legal approval before external use.,not used
BA-1166,Pinnacle Brands,Brand Guidelines PDF,"Comprehensive PDF document outlining all brand usage rules for Pinnacle Brands.",2013-10-02,Archived,APAC,//assets.internal/PinnacleBrands/Brand/Brand_Guidelines_PDF/Brand_Guidelines_PDF_166.pdf,Must be accompanied by the official company wordmark.,not used
BA-1167,Orion Marketing,Social Media Banner,Social Media Banner design featuring branding for the Stardust SEO launch.,2011-04-18,Active,Global,//assets.internal/OrionMarketing/Brand/Social_Media_Banner/Social_Media_Banner_167.jpg,Do not stretch alter or recolor. Primary use only.,not used
BA-1168,Zenith Dynamics,Social Media Banner,Social Media Banner design featuring branding for the Vertex AI launch.,2007-06-18,Active,North America,//assets.internal/ZenithDynamics/Brand/Social_Media_Banner/Social_Media_Banner_168.jpg,For internal use only. Not for public distribution.,not used
BA-1169,Stellar Systems,Primary Font,Standard Primary Font asset for general corporate use by Stellar Systems.,2014-06-12,Active,North America,//assets.internal/StellarSystems/Brand/Primary_Font/Primary_Font_169.otf,Requires legal approval before external use.,Spring Refresh
BA-1170,Orion Marketing,Jingle,Standard Jingle asset for general corporate use by Orion Marketing.,2015-08-16,Active,Global,//assets.internal/OrionMarketing/Brand/Jingle/Jingle_170.mp3,Requires legal approval before external use.,not used
BA-1171,Helios Energy,Icon Set,Icon Set design featuring branding for the Solaris Panel launch.,2010-09-02,Active,Global,//assets.internal/HeliosEnergy/Brand/Icon_Set/Icon_Set_171.zip,Approved for all digital and print marketing materials.,not used
BA-1172,Catalyst Co.,Brand Mascot,"Character illustration for Catalyst Co. featured in the Ignition Starter Kit advertising campaign.",2024-03-01,Active,EMEA,//assets.internal/CatalystCo/Brand/Brand_Mascot/Brand_Mascot_172.ai,Approved for all digital and print marketing materials.,not used
BA-1173,Fusion Core,Wordmark,"The official Wordmark for Fusion Core used on Isotope App marketing materials.",2016-12-19,Archived,North America,//assets.internal/FusionCore/Brand/Wordmark/Wordmark_173.eps,Approved for all digital and print marketing materials.,not used
BA-1174,AquaSphere Tech,Secondary Font,Standard Secondary Font asset for general corporate use by AquaSphere Tech.,2010-07-16,Archived,North America,//assets.internal/AquaSphereTech/Brand/Secondary_Font/Secondary_Font_174.ttf,Approved for all digital and print marketing materials.,not used
BA-1175,Catalyst Co.,Secondary Font,Standard Secondary Font asset for general corporate use by Catalyst Co.,2009-08-27,Active,North America,//assets.internal/CatalystCo/Brand/Secondary_Font/Secondary_Font_175.ttf,Print-only. Use CMYK values from the brand guide.,not used
BA-1176,Equinox Ventures,Jingle,Standard Jingle asset for general corporate use by Equinox Ventures.,2019-07-28,Active,Global,//assets.internal/EquinoxVentures/Brand/Jingle/Jingle_176.mp3,Approved for all digital and print marketing materials.,not used
BA-1177,AetherWorks,Logomark,"The official Logomark for AetherWorks used on Sky-Form marketing materials.",2019-08-27,Active,EMEA,//assets.internal/AetherWorks/Brand/Logomark/Logomark_177.png,Requires legal approval before external use.,not used
BA-1178,Zenith Dynamics,Social Media Banner,Social Media Banner design featuring branding for the Vertex AI launch.,2020-03-12,Active,Global,//assets.internal/ZenithDynamics/Brand/Social_Media_Banner/Social_Media_Banner_178.jpg,Must be accompanied by the official company wordmark.,Q3 Growth Initiative
BA-1179,Pinnacle Brands,Brand Guidelines PDF,"Comprehensive PDF document outlining all brand usage rules for Pinnacle Brands.",2006-03-24,Active,Global,//assets.internal/PinnacleBrands/Brand/Brand_Guidelines_PDF/Brand_Guidelines_PDF_179.pdf,Use on light backgrounds only. Maintain 20px clear space.,not used
BA-1180,Solstice Media,Secondary Font,Standard Secondary Font asset for general corporate use by Solstice Media.,2009-05-24,Active,North America,//assets.internal/SolsticeMedia/Brand/Secondary_Font/Secondary_Font_180.ttf,Approved for all digital and print marketing materials.,not used
BA-1181,AetherWorks,Logomark,"The official Logomark for AetherWorks used on Sky-Form marketing materials.",2015-05-18,Active,North America,//assets.internal/AetherWorks/Brand/Logomark/Logomark_181.png,Minimum size 50px width. Refer to brand guidelines for full details.,not used
BA-1182,Orion Marketing,Social Media Banner,Social Media Banner design featuring branding for the Nebula Reach launch.,2020-09-02,Archived,Global,//assets.internal/OrionMarketing/Brand/Social_Media_Banner/Social_Media_Banner_182.jpg,Must be accompanied by the official company wordmark.,not used
BA-1183,Synergy Group,Storefront Signage,Storefront Signage design featuring branding for the Unite Platform launch.,2007-06-18,Active,North America,//assets.internal/SynergyGroup/Brand/Storefront_Signage/Storefront_Signage_183.pdf,Use on light backgrounds only. Maintain 20px clear space.,not used
BA-1184,Zenith Dynamics,Logo,"Primary company logo for Zenith Dynamics applied to the Vertex AI product line.",2024-03-24,Active,North America,//assets.internal/ZenithDynamics/Brand/Logo/Logo_184.svg,Use on light backgrounds only. Maintain 20px clear space.,not used
BA-1185,Evolve Creative,Wordmark,"The official Wordmark for Evolve Creative used on Apex Animator marketing materials.",2011-09-17,Active,North America,//assets.internal/EvolveCreative/Brand/Wordmark/Wordmark_185.eps,Requires legal approval before external use.,not used
BA-1186,Pinnacle Brands,Product Packaging Design,Official product packaging design for the Alpine Snack Bar consumer release.,2021-03-23,Active,Global,//assets.internal/PinnacleBrands/Brand/Product_Packaging_Design/Product_Packaging_Design_186.pdf,Do not stretch alter or recolor. Primary use only.,not used
BA-1187,Catalyst Co.,Brand Mascot,"Character illustration for Catalyst Co. featured in the Spark Module advertising campaign.",2023-01-20,Active,EMEA,//assets.internal/CatalystCo/Brand/Brand_Mascot/Brand_Mascot_187.ai,Do not stretch alter or recolor. Primary use only.,not used
BA-1188,Apex Digital,Secondary Font,Standard Secondary Font asset for general corporate use by Apex Digital.,2016-12-04,Archived,Global,//assets.internal/ApexDigital/Brand/Secondary_Font/Secondary_Font_188.ttf,Use on light backgrounds only. Maintain 20px clear space.,not used
BA-1189,Innovate Inc.,Slogan/Tagline,Standard Slogan/Tagline asset for general corporate use by Innovate Inc.,2022-09-24,In Review,North America,//assets.internal/InnovateInc/Brand/Slogan_Tagline/Slogan_Tagline_189.txt,Use on light backgrounds only. Maintain 20px clear space.,Brand Unification 2023
BA-1190,Stellar Systems,Social Media Banner,Social Media Banner design featuring branding for the Starship OS launch.,2009-06-13,Active,EMEA,//assets.internal/StellarSystems/Brand/Social_Media_Banner/Social_Media_Banner_190.jpg,Use on light backgrounds only. Maintain 20px clear space.,not used
BA-1191,Terra Firma Corp.,Secondary Font,Standard Secondary Font asset for general corporate use by Terra Firma Corp.,2015-12-14,Active,Global,//assets.internal/TerraFirmaCorp/Brand/Secondary_Font/Secondary_Font_191.ttf,Minimum size 50px width. Refer to brand guidelines for full details.,not used
BA-1192,Nexus Innovations,Logo,"Primary company logo for Nexus Innovations applied to the Node Framework product line.",2005-02-12,Archived,Global,//assets.internal/NexusInnovations/Brand/Logo/Logo_192.svg,Approved for all digital and print marketing materials.,not used
BA-1193,Helios Energy,Brand Mascot,"Character illustration for Helios Energy featured in the Solaris Panel advertising campaign.",2019-12-19,Active,APAC,//assets.internal/HeliosEnergy/Brand/Brand_Mascot/Brand_Mascot_193.ai,Web-only. Use Hex codes #XXXXXX #YYYYYY #ZZZZZZ.,not used
BA-1194,Evolve Creative,Primary Font,Standard Primary Font asset for general corporate use by Evolve Creative.,2010-09-24,Archived,North America,//assets.internal/EvolveCreative/Brand/Primary_Font/Primary_Font_194.otf,Requires legal approval before external use.,not used
BA-1195,AquaSphere Tech,Wordmark,"The official Wordmark for AquaSphere Tech used on Poseidon Sensor marketing materials.",2018-09-02,Active,APAC,//assets.internal/AquaSphereTech/Brand/Wordmark/Wordmark_195.eps,Requires legal approval before external use.,not used
BA-1196,Catalyst Co.,Primary Font,Standard Primary Font asset for general corporate use by Catalyst Co.,2014-03-24,Active,North America,//assets.internal/CatalystCo/Brand/Primary_Font/Primary_Font_196.otf,For internal use only. Not for public distribution.,not used
BA-1197,Innovate Inc.,Brand Guidelines PDF,"Comprehensive PDF document outlining all brand usage rules for Innovate Inc.",2011-04-20,Active,EMEA,//assets.internal/InnovateInc/Brand/Brand_Guidelines_PDF/Brand_Guidelines_PDF_197.pdf,Requires legal approval before external use.,not used
BA-1198,Pinnacle Brands,Product Packaging Design,Official product packaging design for the K2 Backpack consumer release.,2020-05-18,Active,Global,//assets.internal/PinnacleBrands/Brand/Product_Packaging_Design/Product_Packaging_Design_198.pdf,Use on light backgrounds only. Maintain 20px clear space.,not used
BA-1199,Nexus Innovations,Slogan/Tagline,Standard Slogan/Tagline asset for general corporate use by Nexus Innovations.,2012-07-06,Active,EMEA,//assets.internal/NexusInnovations/Brand/Slogan_Tagline/Slogan_Tagline_199.txt,Use on light backgrounds only. Maintain 20px clear space.,not used
BA-1200,Fusion Core,Color Palette,"Official brand color palette for Fusion Core including primary secondary and accent colors.",2015-05-24,Active,North America,//assets.internal/FusionCore/Brand/Color_Palette/Color_Palette_200.ase,Approved for all digital and print marketing materials.,not used
BA-1201,Orion Marketing,Social Media Banner,Social Media Banner design featuring branding for the Constellation Ads launch.,2022-06-03,Active,North America,//assets.internal/OrionMarketing/Brand/Social_Media_Banner/Social_Media_Banner_201.jpg,Do not stretch alter or recolor. Primary use only.,not used
BA-1202,Innovate Inc.,Slogan/Tagline,Standard Slogan/Tagline asset for general corporate use by Innovate Inc.,2010-01-09,Retired,North America,//assets.internal/InnovateInc/Brand/Slogan_Tagline/Slogan_Tagline_202.txt,Print-only. Use CMYK values from the brand guide.,not used
BA-1203,Solstice Media,Secondary Font,Standard Secondary Font asset for general corporate use by Solstice Media.,2009-02-14,Active,North America,//assets.internal/SolsticeMedia/Brand/Secondary_Font/Secondary_Font_203.ttf,Print-only. Use CMYK values from the brand guide.,not used
BA-1204,AquaSphere Tech,Wordmark,"The official Wordmark for AquaSphere Tech used on Triton Water Purifier marketing materials.",2011-06-13,Active,EMEA,//assets.internal/AquaSphereTech/Brand/Wordmark/Wordmark_204.eps,Requires legal approval before external use.,not used
BA-1205,Nexus Innovations,Slogan/Tagline,Standard Slogan/Tagline asset for general corporate use by Nexus Innovations.,2019-09-17,Active,North America,//assets.internal/NexusInnovations/Brand/Slogan_Tagline/Slogan_Tagline_205.txt,Web-only. Use Hex codes #XXXXXX #YYYYYY #ZZZZZZ.,not used
BA-1206,Evolve Creative,Primary Font,Standard Primary Font asset for general corporate use by Evolve Creative.,2018-09-02,Active,Global,//assets.internal/EvolveCreative/Brand/Primary_Font/Primary_Font_206.otf,Print-only. Use CMYK values from the brand guide.,not used
BA-1207,Vortex Industries,Icon Set,Icon Set design featuring branding for the Typhoon Pump launch.,2021-09-29,Active,Global,//assets.internal/VortexIndustries/Brand/Icon_Set/Icon_Set_207.zip,Minimum size 50px width. Refer to brand guidelines for full details.,not used
BA-1208,Nexus Innovations,Presentation Template,Standard Presentation Template asset for general corporate use by Nexus Innovations.,2023-01-20,Active,EMEA,//assets.internal/NexusInnovations/Brand/Presentation_Template/Presentation_Template_208.pptx,Approved for all digital and print marketing materials.,not used
BA-1209,Apex Digital,Logo,"Primary company logo for Apex Digital applied to the Crest CMS product line.",2014-06-13,Active,Global,//assets.internal/ApexDigital/Brand/Logo/Logo_209.svg,Minimum size 50px width. Refer to brand guidelines for full details.,not used
BA-1210,QuantumLeap Solutions,Video Intro/Outro,Video Intro/Outro design featuring branding for the Electron App launch.,2006-03-22,Archived,Global,//assets.internal/QuantumLeapSolutions/Brand/Video_IntroOutro/Video_IntroOutro_210.mp4,Must be accompanied by the official company wordmark.,not used
BA-1211,Synergy Group,Color Palette,"Official brand color palette for Synergy Group including primary secondary and accent colors.",2011-01-20,Active,APAC,//assets.internal/SynergyGroup/Brand/Color_Palette/Color_Palette_211.ase,Use on light backgrounds only. Maintain 20px clear space.,not used
BA-1212,Helios Energy,Color Palette,"Official brand color palette for Helios Energy including primary secondary and accent colors.",2017-06-25,Active,Global,//assets.internal/HeliosEnergy/Brand/Color_Palette/Color_Palette_212.ase,Minimum size 50px width. Refer to brand guidelines for full details.,not used
BA-1213,AetherWorks,Logomark,"The official Logomark for AetherWorks used on Sky-Form marketing materials.",2015-08-01,Archived,North America,//assets.internal/AetherWorks/Brand/Logomark/Logomark_213.png,Use on light backgrounds only. Maintain 20px clear space.,not used
BA-1214,Catalyst Co.,Secondary Font,Standard Secondary Font asset for general corporate use by Catalyst Co.,2009-09-17,Active,North America,//assets.internal/CatalystCo/Brand/Secondary_Font/Secondary_Font_214.ttf,Must be accompanied by the official company wordmark.,not used
BA-1215,Innovate Inc.,Slogan/Tagline,Standard Slogan/Tagline asset for general corporate use by Innovate Inc.,2012-04-18,Archived,North America,//assets.internal/InnovateInc/Brand/Slogan_Tagline/Slogan_Tagline_215.txt,Web-only. Use Hex codes #XXXXXX #YYYYYY #ZZZZZZ.,not used
BA-1216,Terra Firma Corp.,Secondary Font,Standard Secondary Font asset for general corporate use by Terra Firma Corp.,2024-03-01,Active,Global,//assets.internal/TerraFirmaCorp/Brand/Secondary_Font/Secondary_Font_216.ttf,Minimum size 50px width. Refer to brand guidelines for full details.,Summer Splash Sale
BA-1217,AetherWorks,Wordmark,"The official Wordmark for AetherWorks used on Sky-Form marketing materials.",2019-12-04,Archived,Global,//assets.internal/AetherWorks/Brand/Wordmark/Wordmark_217.eps,Approved for all digital and print marketing materials.,Future Forward 2025
BA-1218,Orion Marketing,Jingle,Standard Jingle asset for general corporate use by Orion Marketing.,2023-01-20,Active,EMEA,//assets.internal/OrionMarketing/Brand/Jingle/Jingle_218.mp3,Must be accompanied by the official company wordmark.,not used
BA-1219,Evolve Creative,Icon Set,Icon Set design featuring branding for the Apex Animator launch.,2020-03-24,Archived,North America,//assets.internal/EvolveCreative/Brand/Icon_Set/Icon_Set_219.zip,Minimum size 50px width. Refer to brand guidelines for full details.,not used
BA-1220,Terra Firma Corp.,Social Media Banner,Social Media Banner design featuring branding for the Foundation DB launch.,2018-09-02,Active,APAC,//assets.internal/TerraFirmaCorp/Brand/Social_Media_Banner/Social_Media_Banner_220.jpg,Use on light backgrounds only. Maintain 20px clear space.,not used
BA-1221,Vortex Industries,Brand Mascot,"Character illustration for Vortex Industries featured in the Cyclone Turbine advertising campaign.",2024-03-12,Active,APAC,//assets.internal/VortexIndustries/Brand/Brand_Mascot/Brand_Mascot_221.ai,Web-only. Use Hex codes #XXXXXX #YYYYYY #ZZZZZZ.,not used
BA-1222,Helios Energy,Icon Set,Icon Set design featuring branding for the Sunstone Battery launch.,2010-09-12,Active,Global,//assets.internal/HeliosEnergy/Brand/Icon_Set/Icon_Set_222.zip,Print-only. Use CMYK values from the brand guide.,not used
BA-1223,Stellar Systems,Social Media Banner,Social Media Banner design featuring branding for the Starship OS launch.,2009-08-25,Active,North America,//assets.internal/StellarSystems/Brand/Social_Media_Banner/Social_Media_Banner_223.jpg,For internal use only. Not for public distribution.,not used
BA-1224,Stellar Systems,Slogan/Tagline,Standard Slogan/Tagline asset for general corporate use by Stellar Systems.,2012-07-28,In Review,North America,//assets.internal/StellarSystems/Brand/Slogan_Tagline/Slogan_Tagline_224.txt,For internal use only. Not for public distribution.,not used
BA-1225,AquaSphere Tech,Wordmark,"The official Wordmark for AquaSphere Tech used on Poseidon Sensor marketing materials.",2015-05-18,In Review,North America,//assets.internal/AquaSphereTech/Brand/Wordmark/Wordmark_225.eps,Requires legal approval before external use.,not used
BA-1226,Synergy Group,Storefront Signage,Storefront Signage design featuring branding for the Concord Project Manager launch.,2012-07-06,Active,Global,//assets.internal/SynergyGroup/Brand/Storefront_Signage/Storefront_Signage_226.pdf,Use on light backgrounds only. Maintain 20px clear space.,not used
BA-1227,QuantumLeap Solutions,Storefront Signage,Storefront Signage design featuring branding for the Electron App launch.,2018-02-12,Active,Global,//assets.internal/QuantumLeapSolutions/Brand/Storefront_Signage/Storefront_Signage_227.pdf,Web-only. Use Hex codes #XXXXXX #YYYYYY #ZZZZZZ.,not used
BA-1228,Synergy Group,Jingle,Standard Jingle asset for general corporate use by Synergy Group.,2019-09-24,Active,Global,//assets.internal/SynergyGroup/Brand/Jingle/Jingle_228.mp3,Must be accompanied by the official company wordmark.,not used
BA-1229,Apex Digital,Logo,"Primary company logo for Apex Digital applied to the Pinnacle Ad-Suite product line.",2012-02-14,In Review,North America,//assets.internal/ApexDigital/Brand/Logo/Logo_229.svg,For internal use only. Not for public distribution.,not used
BA-1230,Helios Energy,Icon Set,Icon Set design featuring branding for the Solaris Panel launch.,2009-08-01,Active,North America,//assets.internal/HeliosEnergy/Brand/Icon_Set/Icon_Set_230.zip,Approved for all digital and print marketing materials.,not used
BA-1231,Fusion Core,Slogan/Tagline,Standard Slogan/Tagline asset for general corporate use by Fusion Core.,2008-07-16,Archived,North America,//assets.internal/FusionCore/Brand/Slogan_Tagline/Slogan_Tagline_231.txt,For internal use only. Not for public distribution.,not used
BA-1232,Innovate Inc.,Slogan/Tagline,Standard Slogan/Tagline asset for general corporate use by Innovate Inc.,2008-09-07,Archived,Global,//assets.internal/InnovateInc/Brand/Slogan_Tagline/Slogan_Tagline_232.txt,Print-only. Use CMYK values from the brand guide.,not used
BA-1233,AetherWorks,Logomark,"The official Logomark for AetherWorks used on Sky-Form marketing materials.",2011-06-13,Active,Global,//assets.internal/AetherWorks/Brand/Logomark/Logomark_233.png,Use on light backgrounds only. Maintain 20px clear space.,not used
BA-1234,Nexus Innovations,Slogan/Tagline,Standard Slogan/Tagline asset for general corporate use by Nexus Innovations.,2015-09-29,Active,Global,//assets.internal/NexusInnovations/Brand/Slogan_Tagline/Slogan_Tagline_234.txt,Web-only. Use Hex codes #XXXXXX #YYYYYY #ZZZZZZ.,not used
BA-1235,AquaSphere Tech,Wordmark,"The official Wordmark for AquaSphere Tech used on Hydra OS marketing materials.",2017-06-25,Active,North America,//assets.internal/AquaSphereTech/Brand/Wordmark/Wordmark_235.eps,Use on light backgrounds only. Maintain 20px clear space.,not used
BA-1236,Nexus Innovations,Logo,"Primary company logo for Nexus Innovations applied to the Node Framework product line.",2017-09-17,Active,North America,//assets.internal/NexusInnovations/Brand/Logo/Logo_236.svg,Minimum size 50px width. Refer to brand guidelines for full details.,not used
BA-1237,Evolve Creative,Icon Set,Icon Set design featuring branding for the Chrysalis Video Editor launch.,2019-12-07,Active,EMEA,//assets.internal/EvolveCreative/Brand/Icon_Set/Icon_Set_237.zip,Must be accompanied by the official company wordmark.,not used
BA-1238,Innovate Inc.,Slogan/Tagline,Standard Slogan/Tagline asset for general corporate use by Innovate Inc.,2013-10-22,Active,EMEA,//assets.internal/InnovateInc/Brand/Slogan_Tagline/Slogan_Tagline_238.txt,Minimum size 50px width. Refer to brand guidelines for full details.,not used
BA-1239,Stellar Systems,Primary Font,Standard Primary Font asset for general corporate use by Stellar Systems.,2011-04-18,Active,North America,//assets.internal/StellarSystems/Brand/Primary_Font/Primary_Font_239.otf,Requires legal approval before external use.,not used
BA-1240,Fusion Core,Wordmark,"The official Wordmark for Fusion Core used on Isotope App marketing materials.",2012-05-18,Retired,Global,//assets.internal/FusionCore/Brand/Wordmark/Wordmark_240.eps,Do not stretch alter or recolor. Primary use only.,not used
BA-1241,Zenith Dynamics,Logo,"Primary company logo for Zenith Dynamics applied to the Vertex AI product line.",2024-03-23,Active,EMEA,//assets.internal/ZenithDynamics/Brand/Logo/Logo_241.svg,For internal use only. Not for public distribution.,not used
BA-1242,Terra Firma Corp.,Social Media Banner,Social Media Banner design featuring branding for the Foundation DB launch.,2025-09-15,Active,North America,//assets.internal/TerraFirmaCorp/Brand/Social_Media_Banner/Social_Media_Banner_242.jpg,Minimum size 50px width. Refer to brand guidelines for full details.,Brand Unification 2023
BA-1243,Apex Digital,Logo,"Primary company logo for Apex Digital applied to the Crest CMS product line.",2021-08-16,Active,North America,//assets.internal/ApexDigital/Brand/Logo/Logo_243.svg,Web-only. Use Hex codes #XXXXXX #YYYYYY #ZZZZZZ.,not used
BA-1244,QuantumLeap Solutions,Video Intro/Outro,Video Intro/Outro design featuring branding for the Electron App launch.,2019-12-19,Active,Global,//assets.internal/QuantumLeapSolutions/Brand/Video_IntroOutro/Video_IntroOutro_244.mp4,Must be accompanied by the official company wordmark.,not used
BA-1245,Zenith Dynamics,Social Media Banner,Social Media Banner design featuring branding for the Apex Controller launch.,2025-07-16,Active,EMEA,//assets.internal/ZenithDynamics/Brand/Social_Media_Banner/Social_Media_Banner_245.jpg,Requires legal approval before external use.,not used
BA-1246,Solstice Media,Secondary Font,Standard Secondary Font asset for general corporate use by Solstice Media.,2013-09-17,Archived,North America,//assets.internal/SolsticeMedia/Brand/Secondary_Font/Secondary_Font_246.ttf,Minimum size 50px width. Refer to brand guidelines for full details.,not used
BA-1247,Evolve Creative,Icon Set,Icon Set design featuring branding for the Genesis Design Suite launch.,2011-10-02,Archived,Global,//assets.internal/EvolveCreative/Brand/Icon_Set/Icon_Set_247.zip,Use on light backgrounds only. Maintain 20px clear space.,not used
BA-1248,Equinox Ventures,Jingle,Standard Jingle asset for general corporate use by Equinox Ventures.,2018-09-24,Active,Global,//assets.internal/EquinoxVentures/Brand/Jingle/Jingle_248.mp3,Approved for all digital and print marketing materials.,not used
BA-1249,Helios Energy,Icon Set,Icon Set design featuring branding for the Sunstone Battery launch.,2011-06-25,Active,North America,//assets.internal/HeliosEnergy/Brand/Icon_Set/Icon_Set_249.zip,Minimum size 50px width. Refer to brand guidelines for full details.,not used
BA-1250,Apex Digital,Logo,"Primary company logo for Apex Digital applied to the Crest CMS product line.",2014-06-12,Archived,Global,//assets.internal/ApexDigital/Brand/Logo/Logo_250.svg,Use on light backgrounds only. Maintain 20px clear space.,not used
BA-1251,Evolve Creative,Wordmark,"The official Wordmark for Evolve Creative used on Apex Animator marketing materials.",2013-09-17,Archived,North America,//assets.internal/EvolveCreative/Brand/Wordmark/Wordmark_251.eps,Approved for all digital and print marketing materials.,NextGen Launch
BA-1252,AquaSphere Tech,Secondary Font,Standard Secondary Font asset for general corporate use by AquaSphere Tech.,2023-01-20,Active,EMEA,//assets.internal/AquaSphereTech/Brand/Secondary_Font/Secondary_Font_252.ttf,Requires legal approval before external use.,not used
BA-1253,Vortex Industries,Icon Set,Icon Set design featuring branding for the Tornado Drill launch.,2013-08-16,Active,Global,//assets.internal/VortexIndustries/Brand/Icon_Set/Icon_Set_253.zip,Approved for all digital and print marketing materials.,not used
BA-1254,Nexus Innovations,Slogan/Tagline,Standard Slogan/Tagline asset for general corporate use by Nexus Innovations.,2012-09-18,Active,Global,//assets.internal/NexusInnovations/Brand/Slogan_Tagline/Slogan_Tagline_254.txt,Approved for all digital and print marketing materials.,not used
BA-1255,Momentum Labs,Email Signature,Standard Email Signature asset for general corporate use by Momentum Labs.,2019-09-12,Active,Global,//assets.internal/MomentumLabs/Brand/Email_Signature/Email_Signature_255.html,Must be accompanied by the official company wordmark.,not used
BA-1256,Apex Digital,Secondary Font,Standard Secondary Font asset for general corporate use by Apex Digital.,2019-08-01,Archived,Global,//assets.internal/ApexDigital/Brand/Secondary_Font/Secondary_Font_256.ttf,Requires legal approval before external use.,not used
BA-1257,Fusion Core,Color Palette,"Official brand color palette for Fusion Core including primary secondary and accent colors.",2018-08-25,Active,Global,//assets.internal/FusionCore/Brand/Color_Palette/Color_Palette_257.ase,Minimum size 50px width. Refer to brand guidelines for full details.,Project Nova
BA-1258,Innovate Inc.,Brand Guidelines PDF,"Comprehensive PDF document outlining all brand usage rules for Innovate Inc.",2016-09-24,Active,APAC,//assets.internal/InnovateInc/Brand/Brand_Guidelines_PDF/Brand_Guidelines_PDF_258.pdf,Minimum size 50px width. Refer to brand guidelines for full details.,not used
BA-1259,Apex Digital,Logomark,"The official Logomark for Apex Digital used on Crest CMS marketing materials.",2011-09-29,Active,Global,//assets.internal/ApexDigital/Brand/Logomark/Logomark_259.png,Requires legal approval before external use.,not used
BA-1260,Catalyst Co.,Primary Font,Standard Primary Font asset for general corporate use by Catalyst Co.,2016-11-20,Active,Global,//assets.internal/CatalystCo/Brand/Primary_Font/Primary_Font_260.otf,Print-only. Use CMYK values from the brand guide.,not used
BA-1261,AetherWorks,Logomark,"The official Logomark for AetherWorks used on Mist Engine marketing materials.",2014-06-25,Archived,Global,//assets.internal/AetherWorks/Brand/Logomark/Logomark_261.png,Minimum size 50px width. Refer to brand guidelines for full details.,NextGen Launch
BA-1262,Vortex Industries,Brand Mascot,"Character illustration for Vortex Industries featured in the Cyclone Turbine advertising campaign.",2024-03-09,Active,Global,//assets.internal/VortexIndustries/Brand/Brand_Mascot/Brand_Mascot_262.ai,Print-only. Use CMYK values from the brand guide.,not used
BA-1263,Nexus Innovations,Slogan/Tagline,Standard Slogan/Tagline asset for general corporate use by Nexus Innovations.,2019-10-18,Active,Global,//assets.internal/NexusInnovations/Brand/Slogan_Tagline/Slogan_Tagline_263.txt,Print-only. Use CMYK values from the brand guide.,not used
BA-1264,Solstice Media,Secondary Font,Standard Secondary Font asset for general corporate use by Solstice Media.,2025-07-28,Active,North America,//assets.internal/SolsticeMedia/Brand/Secondary_Font/Secondary_Font_264.ttf,Must be accompanied by the official company wordmark.,not used
BA-1265,AetherWorks,Wordmark,"The official Wordmark for AetherWorks used on Mist Engine marketing materials.",2016-01-22,Active,APAC,//assets.internal/AetherWorks/Brand/Wordmark/Wordmark_265.eps,Requires legal approval before external use.,NextGen Launch
BA-1266,AquaSphere Tech,Wordmark,"The official Wordmark for AquaSphere Tech used on Triton Water Purifier marketing materials.",2010-09-12,In Review,North America,//assets.internal/AquaSphereTech/Brand/Wordmark/Wordmark_266.eps,Do not stretch alter or recolor. Primary use only.,not used
BA-1267,Nexus Innovations,Slogan/Tagline,Standard Slogan/Tagline asset for general corporate use by Nexus Innovations.,2022-09-17,Active,North America,//assets.internal/NexusInnovations/Brand/Slogan_Tagline/Slogan_Tagline_267.txt,Must be accompanied by the official company wordmark.,not used
BA-1268,Zenith Dynamics,Logo,"Primary company logo for Zenith Dynamics applied to the Apex Controller product line.",2022-09-02,Active,Global,//assets.internal/ZenithDynamics/Brand/Logo/Logo_268.svg,Print-only. Use CMYK values from the brand guide.,not used
BA-1269,Innovate Inc.,Jingle,Standard Jingle asset for general corporate use by Innovate Inc.,2015-09-24,Active,North America,//assets.internal/InnovateInc/Brand/Jingle/Jingle_269.mp3,Must be accompanied by the official company wordmark.,Future Forward 2025
BA-1501,Oasis Beverage Co.,Logo,"Primary company logo for Oasis Beverage Co. featuring a stylized sun over a water wave.",2023-01-15,Active,Global,//assets.internal/OasisBeverageCo/Brand/PrimaryLogo/Oasis_Logo_Full.svg,Do not stretch alter or recolor. Primary use only.,not used
BA-1502,Oasis Beverage Co.,Slogan/Tagline,Standard Slogan/Tagline asset for general corporate use by Oasis Beverage Co.,2023-01-15,Active,Global,//assets.internal/OasisBeverageCo/Brand/Slogan/Slogan_TasteTheRefreshment.txt,Must be accompanied by the official company wordmark.,not used
BA-1503,Oasis Beverage Co.,Product Packaging Design,Official product packaging design for the 12oz can of Sparkling Citrus Fizz.,2024-05-20,Active,North America,//assets.internal/OasisBeverageCo/Products/CitrusFizz/Can_Design_12oz.ai,Print-only. Use CMYK values from the brand guide.,FlavorBurst Launch
BA-1504,Oasis Beverage Co.,Product Packaging Design,Official product packaging design for the 16.9oz bottle of Pure Drop Water.,2023-03-10,Active,Global,//assets.internal/OasisBeverageCo/Products/PureDrop/Bottle_Design_16.9oz.eps,Print-only. Use CMYK values from the brand guide.,not used
BA-1505,Oasis Beverage Co.,Social Media Banner,"Facebook cover banner for the Summer Hydration campaign featuring Mountain Berry Blast.",2025-06-01,Active,North America,//assets.internal/OasisBeverageCo/Campaigns/SummerHydration2025/Facebook_Cover_Berry.jpg,Web-only. Use Hex codes #XXXXXX #YYYYYY #ZZZZZZ.,Summer Hydration 2025
BA-1506,Oasis Beverage Co.,Storefront Signage,"Point-of-sale cooler cling sticker for Sparkling Citrus Fizz.",2024-06-15,Active,North America,//assets.internal/OasisBeverageCo/Marketing/POS/CoolerCling_CitrusFizz.pdf,Minimum size 50px width. Refer to brand guidelines for full details.,FlavorBurst Launch
BA-1507,Oasis Beverage Co.,Icon Set,"Flavor icon set including orange lemon and lime vectors for Sparkling Citrus Fizz materials.",2024-04-22,Active,Global,//assets.internal/OasisBeverageCo/Products/CitrusFizz/FlavorIcons.zip,Approved for all digital and print marketing materials.,not used
BA-1508,Oasis Beverage Co.,Video Intro/Outro,"5-second video animation for the Summer Hydration campaign TV commercial.",2025-05-25,Active,North America,//assets.internal/OasisBeverageCo/Campaigns/SummerHydration2025/TVC_Intro_5s.mp4,Requires legal approval before external use.,Summer Hydration 2025
BA-1509,Oasis Beverage Co.,Product Packaging Design,Official product packaging design for the 12-pack case of Mountain Berry Blast cans.,2025-02-18,Active,North America,//assets.internal/OasisBeverageCo/Products/BerryBlast/Case_Design_12pk.ai,Print-only. Use CMYK values from the brand guide.,not used
BA-1510,Oasis Beverage Co.,Brand Mascot,"Character illustration of 'Sunny' the Sun Drop used in Sunset Peach Iced Tea advertising.",2024-08-01,Active,EMEA,//assets.internal/OasisBeverageCo/Brand/Mascot/Sunny_Character.ai,Do not stretch alter or recolor. Primary use only.,not used
BA-1511,Oasis Beverage Co.,Color Palette,"Official brand color palette for the Mountain Berry Blast product line.",2025-01-30,Active,Global,//assets.internal/OasisBeverageCo/Products/BerryBlast/ColorPalette_Berry.ase,Web-only. Use Hex codes #XXXXXX #YYYYYY #ZZZZZZ.,not used
BA-1512,Oasis Beverage Co.,Jingle,"Upbeat 15-second audio jingle for the FlavorBurst Launch radio ads.",2024-05-10,Active,North America,//assets.internal/OasisBeverageCo/Campaigns/FlavorBurst/Radio_Jingle_15s.mp3,Approved for all digital and print marketing materials.,FlavorBurst Launch
BA-1513,Oasis Beverage Co.,Logo,"Product logo lockup for Sunset Peach Iced Tea combining the primary logo and product name.",2024-07-15,Active,Global,//assets.internal/OasisBeverageCo/Products/PeachTea/LogoLockup_Peach.svg,Must be accompanied by the official company wordmark.,not used
BA-1514,Oasis Beverage Co.,Presentation Template,"Standard Presentation Template for sales pitches to beverage distributors.",2023-02-01,Active,Global,//assets.internal/OasisBeverageCo/Brand/Templates/SalesDeck_Template.pptx,For internal use only. Not for public distribution.,not used
BA-1515,Oasis Beverage Co.,Social Media Banner,"Instagram story template for the Summer Hydration campaign.",2025-06-05,Active,Global,//assets.internal/OasisBeverageCo/Campaigns/SummerHydration2025/Instagram_Story_Template.psd,Web-only. Use Hex codes #XXXXXX #YYYYYY #ZZZZZZ.,Summer Hydration 2025
BA-1516,Oasis Beverage Co.,Brand Guidelines PDF,"Comprehensive PDF document outlining all brand usage rules for Oasis Beverage Co.",2023-01-10,Active,Global,//assets.internal/OasisBeverageCo/Brand/BrandGuidelines.pdf,For internal use only. Not for public distribution.,not used
BA-1517,Oasis Beverage Co.,Wordmark,"The official Wordmark for Oasis Beverage Co. used on Pure Drop Water marketing materials.",2023-03-01,Active,Global,//assets.internal/OasisBeverageCo/Brand/PrimaryWordmark/Oasis_Wordmark.eps,Requires legal approval before external use.,not used
BA-1518,Oasis Beverage Co.,Storefront Signage,"Large promotional window poster for the new Mountain Berry Blast flavor.",2025-03-01,In Review,North America,//assets.internal/OasisBeverageCo/Marketing/POS/WindowPoster_BerryBlast.pdf,Print-only. Use CMYK values from the brand guide.,not used
BA-1519,Oasis Beverage Co.,Product Packaging Design,"Official product packaging design for the 20oz bottle of Sunset Peach Iced Tea.",2024-07-20,Active,EMEA,//assets.internal/OasisBeverageCo/Products/PeachTea/Bottle_Design_20oz.ai,Do not stretch alter or recolor. Primary use only.,not used
BA-1520,Oasis Beverage Co.,Social Media Banner,"Animated GIF banner for online ads featuring all new product flavors.",2025-03-15,Active,Global,//assets.internal/OasisBeverageCo/Campaigns/FlavorBurst/AdBanner_Animated.gif,Use on light backgrounds only. Maintain 20px clear space.,FlavorBurst Launch