@timestamp,network_element_id,signaling_protocol,message_type,source_node,destination_node,message_direction,session_id,cause_code
2025-12-13 09:46:30.371540,NE-006,GTP-C,CreateSessionResponse,NE-040,NE-019,RESPONSE,SIG-6E53894F84FE,TIMEOUT
2025-12-29 15:54:20.371540,NE-037,NAS,TAURequest,NE-036,NE-016,REQUEST,SIG-A2BC22B355E9,SUCCESS
2026-02-11 15:19:12.371540,NE-038,S1AP,UEContextSetupRequest,NE-033,NE-038,RESPONSE,SIG-282F7CB37AA8,SUCCESS
2026-01-14 05:10:58.371540,NE-020,NAS,TAURequest,NE-001,NE-036,REQUEST,SIG-F2444BCB91AD,REJECT
2026-02-26 02:45:30.371540,NE-031,NAS,AttachReject,NE-011,NE-007,RESPONSE,SIG-8F912722E46C,AUTH-FAILURE
2026-02-16 10:16:37.371540,NE-033,SS7,MAP-UpdateLocation,NE-012,NE-035,REQUEST,SIG-37FB374FE0E7,PROTOCOL-ERROR
2026-03-03 06:03:59.371540,NE-039,NAS,DetachRequest,NE-020,NE-019,RESPONSE,SIG-70BDE6F7D903,SUCCESS
2026-03-04 20:27:50.371540,NE-018,SS7,MAP-SendRoutingInfo,NE-028,NE-039,RESPONSE,SIG-DA38BCB297F7,SUCCESS
2026-01-13 07:40:12.371540,NE-006,DIAMETER,Authentication-Information-Request,NE-013,NE-032,REQUEST,SIG-62A3D3168772,PROTOCOL-ERROR
2026-02-22 06:30:27.371540,NE-024,DIAMETER,Update-Location-Answer,NE-027,NE-037,REQUEST,SIG-86A77079460D,AUTH-FAILURE
2026-03-07 04:15:59.371540,NE-030,NAS,AttachRequest,NE-034,NE-013,REQUEST,SIG-C08AE6BE440E,SUCCESS
2026-01-31 12:25:35.371540,NE-001,NAS,TAURequest,NE-027,NE-015,REQUEST,SIG-970B39B87C3D,SUCCESS
2026-01-07 10:22:51.371540,NE-026,SIP,404 Not Found,NE-033,NE-009,REQUEST,SIG-29113C25F252,TIMEOUT
2026-01-10 06:10:45.371540,NE-001,S1AP,InitialUEMessage,NE-007,NE-002,RESPONSE,SIG-46340A31B810,PROTOCOL-ERROR
2026-03-05 14:44:03.371540,NE-040,NAS,AttachReject,NE-040,NE-027,REQUEST,SIG-AFAC99EA5D41,RESOURCE-UNAVAILABLE
2026-02-15 12:49:32.371540,NE-019,NAS,AttachRequest,NE-033,NE-025,RESPONSE,SIG-362DD9BAF0EC,TIMEOUT
2026-01-22 15:40:18.371540,NE-001,NAS,DetachRequest,NE-025,NE-036,REQUEST,SIG-F9E6A6E6008E,TIMEOUT
2026-02-08 18:59:59.371540,NE-018,NAS,ServiceRequest,NE-030,NE-028,RESPONSE,SIG-EA6CFBA4C378,RESOURCE-UNAVAILABLE
2026-01-31 12:53:54.371540,NE-027,S1AP,UEContextReleaseCommand,NE-012,NE-034,REQUEST,SIG-4632F78F1D17,UNKNOWN
2026-02-21 22:10:15.371540,NE-008,NAS,TAURequest,NE-031,NE-037,REQUEST,SIG-7B63A866DF4C,AUTH-FAILURE
2026-01-21 01:18:57.371540,NE-038,S1AP,UEContextSetupRequest,NE-040,NE-015,REQUEST,SIG-1FBCD6D53785,TIMEOUT
2026-01-07 18:18:02.371540,NE-035,DIAMETER,Authentication-Information-Request,NE-027,NE-012,RESPONSE,SIG-562F75DE3E4B,RESOURCE-UNAVAILABLE
2026-03-03 05:23:06.371540,NE-014,NAS,DetachRequest,NE-032,NE-010,REQUEST,SIG-3C37458C3871,REJECT
2026-03-07 09:52:03.371540,NE-003,NAS,AttachAccept,NE-034,NE-021,REQUEST,SIG-AE7C311E9951,UNKNOWN
2025-12-29 04:19:27.371540,NE-012,GTP-C,DeleteSessionRequest,NE-037,NE-015,RESPONSE,SIG-8E3CB8934158,TIMEOUT
2026-01-30 23:35:55.371540,NE-037,S1AP,UEContextSetupRequest,NE-016,NE-035,RESPONSE,SIG-8D3B587BF133,TIMEOUT
2026-02-18 21:18:08.371540,NE-020,S1AP,HandoverRequest,NE-007,NE-038,REQUEST,SIG-1781F7257744,SUCCESS
2025-12-20 06:23:03.371540,NE-002,GTP-C,DeleteSessionRequest,NE-003,NE-014,RESPONSE,SIG-A351430F9ED9,SUCCESS
2025-12-29 22:31:32.371540,NE-028,DIAMETER,Update-Location-Request,NE-026,NE-034,RESPONSE,SIG-EE0ED2B27423,TIMEOUT
2026-02-10 14:16:01.371540,NE-036,DIAMETER,Update-Location-Request,NE-012,NE-028,RESPONSE,SIG-4DBA473263D7,PROTOCOL-ERROR
2026-02-10 22:57:53.371540,NE-026,NAS,AttachRequest,NE-021,NE-016,REQUEST,SIG-340F11A3D18B,REJECT
2026-03-04 15:34:04.371540,NE-005,DIAMETER,Authentication-Information-Answer,NE-024,NE-017,REQUEST,SIG-54F46C4B2C15,SUCCESS
2026-01-06 07:21:29.371540,NE-001,GTP-C,ModifyBearerRequest,NE-026,NE-029,RESPONSE,SIG-FCD78304C111,TIMEOUT
2026-02-25 16:26:01.371540,NE-002,NAS,TAURequest,NE-017,NE-036,REQUEST,SIG-024F2A17F836,SUCCESS
2026-01-30 01:23:09.371540,NE-038,SIP,OPTIONS,NE-020,NE-026,RESPONSE,SIG-5DA0A44EFB7F,UNKNOWN
2026-01-17 16:28:11.371540,NE-025,S1AP,UEContextSetupRequest,NE-031,NE-025,RESPONSE,SIG-18232875B4E6,PROTOCOL-ERROR
2026-01-28 04:08:14.371540,NE-034,NAS,AttachRequest,NE-027,NE-011,REQUEST,SIG-6A7FC63EB059,RESOURCE-UNAVAILABLE
2026-01-23 10:32:27.371540,NE-006,S1AP,UEContextSetupRequest,NE-020,NE-014,REQUEST,SIG-95821AC251F4,SUCCESS
2026-01-31 06:51:22.371540,NE-030,DIAMETER,Authentication-Information-Request,NE-038,NE-020,RESPONSE,SIG-F55E46354E18,REJECT
2026-02-21 11:03:31.371540,NE-011,GTP-C,CreateSessionResponse,NE-014,NE-003,RESPONSE,SIG-B39D56C24644,SUCCESS
2025-12-11 14:28:10.371540,NE-034,NAS,ServiceRequest,NE-016,NE-024,RESPONSE,SIG-D417E0404195,PROTOCOL-ERROR
2026-01-11 20:57:48.371540,NE-004,DIAMETER,Update-Location-Answer,NE-039,NE-032,REQUEST,SIG-D7C0A8617841,SUCCESS
2025-12-15 01:43:39.371540,NE-037,S1AP,HandoverRequest,NE-005,NE-033,REQUEST,SIG-37F05D35EE10,SUCCESS
2026-03-05 23:40:31.371540,NE-002,GTP-C,CreateSessionResponse,NE-025,NE-017,RESPONSE,SIG-CABBCD0D7418,AUTH-FAILURE
2025-12-10 23:21:35.371540,NE-021,DIAMETER,Update-Location-Request,NE-028,NE-016,REQUEST,SIG-60AB27C12762,RESOURCE-UNAVAILABLE
2026-02-06 11:35:51.371540,NE-030,GTP-C,CreateSessionRequest,NE-027,NE-018,RESPONSE,SIG-99C638FDBCCC,UNKNOWN
2026-01-20 02:50:41.371540,NE-014,DIAMETER,Update-Location-Request,NE-027,NE-020,REQUEST,SIG-7957011A8877,TIMEOUT
2026-02-03 09:23:52.371540,NE-022,S1AP,HandoverRequest,NE-039,NE-036,REQUEST,SIG-6526EE53481E,RESOURCE-UNAVAILABLE
2025-12-12 16:27:47.371540,NE-029,S1AP,UEContextReleaseCommand,NE-017,NE-021,REQUEST,SIG-DF35B292B021,TIMEOUT
2025-12-16 17:50:43.371540,NE-024,S1AP,UEContextReleaseCommand,NE-013,NE-031,RESPONSE,SIG-DB51F302EDD9,SUCCESS
2026-01-06 22:47:12.371540,NE-010,NAS,AttachRequest,NE-032,NE-026,REQUEST,SIG-7AD98F46D9E6,TIMEOUT
2025-12-23 19:05:55.371540,NE-022,SS7,SCCP-UDT,NE-002,NE-009,REQUEST,SIG-6A716E0E9758,REJECT
2026-01-13 14:55:15.371540,NE-033,SS7,MAP-SendAuthInfo,NE-037,NE-003,RESPONSE,SIG-168592CB7BEC,PROTOCOL-ERROR
2025-12-31 00:58:06.371540,NE-022,S1AP,UEContextReleaseCommand,NE-003,NE-037,RESPONSE,SIG-43C8B3BD5222,RESOURCE-UNAVAILABLE
2026-01-29 18:31:31.371540,NE-039,S1AP,PathSwitchRequest,NE-025,NE-020,REQUEST,SIG-A2B049B52030,TIMEOUT
2026-01-26 05:46:05.371540,NE-006,SS7,MAP-SendRoutingInfo,NE-011,NE-017,RESPONSE,SIG-9711A9FD2497,REJECT
2026-02-12 14:52:34.371540,NE-010,DIAMETER,Update-Location-Request,NE-035,NE-010,REQUEST,SIG-4F940E935E69,RESOURCE-UNAVAILABLE
2025-12-25 14:36:39.371540,NE-031,GTP-C,ModifyBearerRequest,NE-008,NE-015,REQUEST,SIG-134028DE0128,REJECT
2026-02-11 13:31:19.371540,NE-021,GTP-C,DeleteSessionRequest,NE-006,NE-040,REQUEST,SIG-D011D594DCB9,RESOURCE-UNAVAILABLE
2025-12-23 18:10:32.371540,NE-038,S1AP,UEContextSetupRequest,NE-026,NE-012,REQUEST,SIG-D852F25EAB73,TIMEOUT
2025-12-28 16:53:54.371540,NE-013,DIAMETER,Update-Location-Request,NE-037,NE-032,RESPONSE,SIG-0854100BE82D,SUCCESS
2026-02-12 05:34:22.371540,NE-010,S1AP,InitialUEMessage,NE-020,NE-040,RESPONSE,SIG-36A0724AD3A4,SUCCESS
2025-12-28 02:13:17.371540,NE-024,NAS,AttachRequest,NE-035,NE-015,REQUEST,SIG-0EFB394726E5,SUCCESS
2026-02-07 02:55:27.371540,NE-019,GTP-C,DeleteSessionRequest,NE-003,NE-025,RESPONSE,SIG-ADF9D1546E05,UNKNOWN
2025-12-12 12:48:07.371540,NE-038,S1AP,HandoverRequest,NE-030,NE-035,RESPONSE,SIG-653A6D5B2626,SUCCESS
2025-12-20 05:27:37.371540,NE-025,GTP-C,CreateSessionRequest,NE-008,NE-018,RESPONSE,SIG-CC716ECA3C9F,TIMEOUT
2026-01-07 03:30:52.371540,NE-014,NAS,ServiceRequest,NE-029,NE-032,RESPONSE,SIG-A73D5434379F,SUCCESS
2026-02-23 01:04:11.371540,NE-037,DIAMETER,Authentication-Information-Request,NE-009,NE-035,RESPONSE,SIG-EF1F1E246671,AUTH-FAILURE
2025-12-25 19:48:21.371540,NE-007,NAS,AttachRequest,NE-007,NE-038,RESPONSE,SIG-EE2F6E0A6341,REJECT
2025-12-27 00:04:36.371540,NE-021,SIP,INVITE,NE-028,NE-035,REQUEST,SIG-12483A43E7CB,AUTH-FAILURE
2026-01-08 00:59:00.371540,NE-019,NAS,ServiceRequest,NE-025,NE-005,REQUEST,SIG-A5B439E2CDC4,REJECT
2026-02-16 09:44:35.371540,NE-017,S1AP,UEContextReleaseCommand,NE-011,NE-022,RESPONSE,SIG-24347C59E7A9,SUCCESS
2026-03-06 11:10:15.371540,NE-037,DIAMETER,Update-Location-Request,NE-017,NE-006,REQUEST,SIG-9A2CE9AD2542,SUCCESS
2026-01-09 16:54:58.371540,NE-004,DIAMETER,Update-Location-Answer,NE-034,NE-029,RESPONSE,SIG-84D319FEAC37,REJECT
2026-02-02 05:44:16.371540,NE-003,SIP,INVITE,NE-026,NE-003,RESPONSE,SIG-BD842CAA7323,SUCCESS
2026-01-18 06:16:17.371540,NE-018,DIAMETER,Update-Location-Request,NE-012,NE-006,REQUEST,SIG-CB7CD9110AE5,SUCCESS
2026-02-09 09:28:17.371540,NE-002,S1AP,InitialUEMessage,NE-014,NE-024,RESPONSE,SIG-EA9BF1AEAC56,REJECT
2026-03-01 16:01:15.371540,NE-016,S1AP,UEContextReleaseCommand,NE-033,NE-004,REQUEST,SIG-A813565C1312,PROTOCOL-ERROR
2026-02-14 11:19:24.371540,NE-013,S1AP,PathSwitchRequest,NE-036,NE-013,REQUEST,SIG-7CD69BA0D328,REJECT
2026-02-16 07:34:24.371540,NE-038,S1AP,UEContextSetupRequest,NE-013,NE-035,REQUEST,SIG-AE1A2A0B8403,PROTOCOL-ERROR
2026-03-05 05:46:53.371540,NE-023,S1AP,UEContextReleaseCommand,NE-001,NE-007,RESPONSE,SIG-B1D06E0E7AA5,REJECT
2026-03-02 09:39:11.371540,NE-019,S1AP,PathSwitchRequest,NE-013,NE-020,REQUEST,SIG-30DA9AF3C1A6,PROTOCOL-ERROR
2026-02-28 11:38:43.371540,NE-029,S1AP,UEContextReleaseCommand,NE-031,NE-039,REQUEST,SIG-DCC6A317479B,AUTH-FAILURE
2025-12-30 19:16:49.371540,NE-002,S1AP,InitialUEMessage,NE-003,NE-032,REQUEST,SIG-98AD54A1EB20,SUCCESS
2026-03-04 07:53:31.371540,NE-005,S1AP,UEContextSetupRequest,NE-038,NE-015,REQUEST,SIG-946F85D20DA0,SUCCESS
2026-03-01 04:14:24.371540,NE-023,DIAMETER,Update-Location-Answer,NE-020,NE-040,REQUEST,SIG-03FF924C56B5,REJECT
2025-12-24 18:55:17.371540,NE-010,NAS,AttachReject,NE-002,NE-016,RESPONSE,SIG-84D54692ABD9,SUCCESS
2026-02-28 17:54:15.371540,NE-022,S1AP,UEContextSetupRequest,NE-023,NE-020,RESPONSE,SIG-2886D9E13694,RESOURCE-UNAVAILABLE
2026-02-24 08:23:53.371540,NE-035,SS7,SCCP-UDT,NE-035,NE-015,REQUEST,SIG-A3DA80421115,SUCCESS
2026-01-02 11:17:56.371540,NE-024,GTP-C,ModifyBearerRequest,NE-005,NE-040,REQUEST,SIG-29F20CB54E95,SUCCESS
2026-01-16 08:44:21.371540,NE-001,DIAMETER,Authentication-Information-Request,NE-009,NE-033,RESPONSE,SIG-ABEA652C0E76,UNKNOWN
2025-12-26 16:06:29.371540,NE-022,S1AP,HandoverRequest,NE-025,NE-024,NOTIFICATION,SIG-5DBCE92FD4F1,REJECT
2026-01-25 02:51:58.371540,NE-015,DIAMETER,Update-Location-Request,NE-038,NE-008,REQUEST,SIG-A349A6658673,REJECT
2026-01-28 01:03:42.371540,NE-014,S1AP,UEContextSetupRequest,NE-009,NE-016,RESPONSE,SIG-84F2E6770C28,TIMEOUT
2026-01-07 06:24:26.371540,NE-009,GTP-C,CreateSessionResponse,NE-022,NE-011,REQUEST,SIG-8788B22F1AA7,SUCCESS
2026-03-08 13:42:09.371540,NE-034,SS7,MAP-SendAuthInfo,NE-011,NE-016,REQUEST,SIG-2CFEFED66655,PROTOCOL-ERROR
2026-02-05 18:24:55.371540,NE-032,DIAMETER,Update-Location-Answer,NE-018,NE-027,RESPONSE,SIG-3CD45EF337EE,SUCCESS
2025-12-18 22:54:43.371540,NE-019,GTP-C,CreateSessionResponse,NE-039,NE-035,RESPONSE,SIG-5AFCCA47A097,SUCCESS
2026-03-08 12:52:28.371540,NE-006,GTP-C,DeleteSessionRequest,NE-014,NE-017,RESPONSE,SIG-C1E2422C3608,SUCCESS
2026-03-09 10:39:12.371540,NE-039,NAS,TAURequest,NE-028,NE-003,RESPONSE,SIG-F49A31F7999A,PROTOCOL-ERROR
2025-12-21 14:05:22.371540,NE-035,DIAMETER,Update-Location-Request,NE-032,NE-013,RESPONSE,SIG-8EF63DACEDE1,TIMEOUT
2026-03-07 05:14:31.371540,NE-006,GTP-C,CreateSessionRequest,NE-001,NE-023,REQUEST,SIG-95351CD358A5,AUTH-FAILURE
2026-02-13 20:10:45.371540,NE-008,S1AP,InitialUEMessage,NE-036,NE-023,RESPONSE,SIG-7896E418F693,SUCCESS
2026-01-08 02:59:06.371540,NE-024,SS7,MAP-SendRoutingInfo,NE-039,NE-032,REQUEST,SIG-DC6A3E84BEFF,PROTOCOL-ERROR
2025-12-16 19:10:57.371540,NE-001,S1AP,UEContextSetupRequest,NE-005,NE-006,RESPONSE,SIG-D1CF1BE1502F,REJECT
2026-01-23 21:23:29.371540,NE-029,SS7,MAP-SendRoutingInfo,NE-027,NE-024,NOTIFICATION,SIG-50D8AAC7D525,SUCCESS
2026-01-16 13:52:30.371540,NE-039,SIP,BYE,NE-025,NE-005,RESPONSE,SIG-B90B1F4F726A,SUCCESS
2025-12-17 05:04:25.371540,NE-030,DIAMETER,Authentication-Information-Answer,NE-027,NE-017,REQUEST,SIG-E1E6450F841D,PROTOCOL-ERROR
2025-12-12 16:35:09.371540,NE-026,S1AP,PathSwitchRequest,NE-029,NE-030,RESPONSE,SIG-068FB83E6823,SUCCESS
2026-01-05 01:35:55.371540,NE-035,GTP-C,DeleteSessionRequest,NE-017,NE-026,RESPONSE,SIG-89FCFD013264,REJECT
2026-03-04 08:07:00.371540,NE-030,DIAMETER,Update-Location-Answer,NE-030,NE-031,RESPONSE,SIG-E6239A487783,TIMEOUT
2026-02-02 07:05:04.371540,NE-033,SIP,REGISTER,NE-012,NE-025,RESPONSE,SIG-99977F29CDF5,SUCCESS
2026-01-08 19:48:33.371540,NE-021,S1AP,PathSwitchRequest,NE-040,NE-030,NOTIFICATION,SIG-F0E1BF84C4AC,AUTH-FAILURE
2025-12-19 06:20:50.371540,NE-023,SIP,REGISTER,NE-012,NE-004,NOTIFICATION,SIG-FC8457421CF7,TIMEOUT
2025-12-20 16:58:20.371540,NE-024,S1AP,UEContextSetupRequest,NE-033,NE-001,NOTIFICATION,SIG-7154B118AB38,REJECT
2026-01-23 15:48:33.371540,NE-031,GTP-C,DeleteSessionRequest,NE-008,NE-023,RESPONSE,SIG-1559D1973DC6,RESOURCE-UNAVAILABLE
2025-12-19 06:50:22.371540,NE-033,S1AP,UEContextSetupRequest,NE-035,NE-015,RESPONSE,SIG-F3B590148EFC,RESOURCE-UNAVAILABLE
2026-01-13 06:39:50.371540,NE-028,NAS,AttachReject,NE-040,NE-020,REQUEST,SIG-CED06D1FE038,SUCCESS
2025-12-10 22:58:31.371540,NE-019,S1AP,PathSwitchRequest,NE-001,NE-036,RESPONSE,SIG-48A9170F5009,PROTOCOL-ERROR
2026-02-22 22:15:16.371540,NE-009,S1AP,PathSwitchRequest,NE-021,NE-016,RESPONSE,SIG-D01EB283348B,TIMEOUT
2026-01-25 21:39:46.371540,NE-037,NAS,AttachAccept,NE-010,NE-009,REQUEST,SIG-1234BBF08A58,TIMEOUT
2025-12-27 21:09:26.371540,NE-025,SS7,MAP-UpdateLocation,NE-024,NE-015,REQUEST,SIG-91D10423DF5C,SUCCESS
2026-01-22 02:36:45.371540,NE-039,S1AP,UEContextSetupRequest,NE-037,NE-008,REQUEST,SIG-8B5362AD2249,PROTOCOL-ERROR
2025-12-21 15:48:44.371540,NE-008,S1AP,InitialUEMessage,NE-030,NE-011,REQUEST,SIG-9E6DF7A9115B,AUTH-FAILURE
2025-12-22 16:28:48.371540,NE-010,S1AP,InitialUEMessage,NE-015,NE-023,RESPONSE,SIG-73C48E08D067,SUCCESS
2025-12-18 08:19:48.371540,NE-012,NAS,DetachRequest,NE-003,NE-028,RESPONSE,SIG-20F1B6B5CF48,SUCCESS
2025-12-18 15:37:56.371540,NE-023,NAS,AttachAccept,NE-032,NE-006,RESPONSE,SIG-1CC0578DCA7E,REJECT
2025-12-26 22:21:31.371540,NE-013,NAS,AttachReject,NE-011,NE-024,REQUEST,SIG-5E34B1A80388,SUCCESS
2026-01-28 07:09:49.371540,NE-007,SS7,SCCP-UDT,NE-012,NE-029,RESPONSE,SIG-FD2F8DCF71B0,SUCCESS
2025-12-26 03:54:35.371540,NE-006,S1AP,InitialUEMessage,NE-015,NE-027,RESPONSE,SIG-E3B329F52AFE,RESOURCE-UNAVAILABLE
2026-01-12 18:14:32.371540,NE-017,DIAMETER,Authentication-Information-Answer,NE-010,NE-026,REQUEST,SIG-A8E55887D348,SUCCESS
2026-02-02 18:51:26.371540,NE-019,S1AP,UEContextReleaseCommand,NE-017,NE-021,REQUEST,SIG-2E6CA011FBE2,TIMEOUT
2025-12-19 01:40:13.371540,NE-008,SS7,SCCP-UDT,NE-023,NE-037,REQUEST,SIG-27577F3C5B1A,PROTOCOL-ERROR
2026-02-28 07:59:24.371540,NE-003,S1AP,PathSwitchRequest,NE-013,NE-038,REQUEST,SIG-4830081A13B5,SUCCESS
2026-01-17 10:33:37.371540,NE-032,NAS,DetachRequest,NE-004,NE-013,RESPONSE,SIG-DA882845B000,SUCCESS
2026-02-24 19:53:34.371540,NE-012,S1AP,UEContextReleaseCommand,NE-039,NE-001,RESPONSE,SIG-AD513E1F4C9B,UNKNOWN
2026-01-30 02:52:27.371540,NE-005,DIAMETER,Update-Location-Request,NE-028,NE-022,RESPONSE,SIG-53496C74596A,PROTOCOL-ERROR
2026-02-19 05:02:10.371540,NE-028,DIAMETER,Authentication-Information-Request,NE-005,NE-029,RESPONSE,SIG-084D49CB19BD,PROTOCOL-ERROR
2026-02-06 06:25:49.371540,NE-005,NAS,ServiceRequest,NE-038,NE-029,REQUEST,SIG-290130A09071,TIMEOUT
2026-01-04 02:52:49.371540,NE-004,S1AP,PathSwitchRequest,NE-003,NE-034,REQUEST,SIG-147706787E66,PROTOCOL-ERROR
2026-02-20 13:42:20.371540,NE-024,S1AP,InitialUEMessage,NE-028,NE-023,RESPONSE,SIG-225DB708074B,AUTH-FAILURE
2025-12-25 00:54:35.371540,NE-038,GTP-C,CreateSessionResponse,NE-005,NE-009,RESPONSE,SIG-AAAD5B4E6737,TIMEOUT
2026-02-27 02:43:20.371540,NE-040,S1AP,PathSwitchRequest,NE-032,NE-017,REQUEST,SIG-F01BF6A04F16,PROTOCOL-ERROR
2026-02-12 16:58:27.371540,NE-018,S1AP,UEContextReleaseCommand,NE-002,NE-037,RESPONSE,SIG-90F54F46E1AA,SUCCESS
2025-12-23 08:08:30.371540,NE-007,GTP-C,DeleteSessionRequest,NE-002,NE-027,REQUEST,SIG-DCDC1BA2C22B,SUCCESS
2026-01-17 02:27:34.371540,NE-011,NAS,ServiceRequest,NE-004,NE-010,NOTIFICATION,SIG-8ACF8077DEE3,SUCCESS
2026-02-02 23:43:31.371540,NE-002,S1AP,PathSwitchRequest,NE-010,NE-040,REQUEST,SIG-B03FCD9E980A,SUCCESS
2025-12-30 01:17:13.371540,NE-005,NAS,AttachReject,NE-022,NE-005,RESPONSE,SIG-091AF0B1C23B,REJECT
2025-12-24 21:56:58.371540,NE-030,NAS,TAURequest,NE-023,NE-020,REQUEST,SIG-1FD65EEFEFFB,PROTOCOL-ERROR
2026-01-08 04:05:17.371540,NE-011,GTP-C,DeleteSessionRequest,NE-039,NE-004,REQUEST,SIG-A5770DE82384,AUTH-FAILURE
2026-01-28 07:10:49.371540,NE-017,NAS,TAURequest,NE-014,NE-022,REQUEST,SIG-DED2A9FD1D6E,REJECT
2026-03-06 22:31:31.371540,NE-008,SIP,REGISTER,NE-029,NE-037,REQUEST,SIG-F3DFB11A6405,SUCCESS
2026-03-05 17:51:40.371540,NE-006,S1AP,PathSwitchRequest,NE-030,NE-032,RESPONSE,SIG-F00FAAF68F16,REJECT
2026-02-10 22:37:33.371540,NE-005,NAS,DetachRequest,NE-011,NE-040,REQUEST,SIG-EBF79C9D7366,REJECT
2026-01-07 08:49:55.371540,NE-037,SS7,MAP-SendRoutingInfo,NE-006,NE-019,REQUEST,SIG-6B229FD76949,SUCCESS
2026-01-28 15:36:48.371540,NE-026,S1AP,InitialUEMessage,NE-011,NE-019,RESPONSE,SIG-EDF1AC647776,SUCCESS
2026-02-11 07:12:41.371540,NE-021,DIAMETER,Authentication-Information-Answer,NE-022,NE-004,REQUEST,SIG-7FD963BCD898,REJECT
2026-02-06 09:42:54.371540,NE-025,SIP,INVITE,NE-015,NE-020,REQUEST,SIG-A75DF96FE639,PROTOCOL-ERROR
2025-12-22 14:34:06.371540,NE-040,NAS,TAURequest,NE-018,NE-020,REQUEST,SIG-2615C17A1423,SUCCESS
2025-12-24 00:34:12.371540,NE-036,GTP-C,DeleteSessionRequest,NE-010,NE-009,REQUEST,SIG-6BF6CF0E6A7F,REJECT
2026-03-03 22:38:36.371540,NE-003,S1AP,UEContextReleaseCommand,NE-003,NE-017,REQUEST,SIG-77D36E460CFC,REJECT
2026-03-09 07:39:24.371540,NE-026,S1AP,InitialUEMessage,NE-021,NE-024,RESPONSE,SIG-74AACD0A41B0,AUTH-FAILURE
2026-02-06 05:06:01.371540,NE-004,GTP-C,DeleteSessionRequest,NE-021,NE-033,REQUEST,SIG-B23E581ABB34,SUCCESS
2026-01-23 18:33:14.371540,NE-034,S1AP,InitialUEMessage,NE-008,NE-020,RESPONSE,SIG-893FEAEB3AB6,PROTOCOL-ERROR
2025-12-27 12:04:18.371540,NE-015,NAS,DetachRequest,NE-009,NE-039,RESPONSE,SIG-CA69D2E71D36,SUCCESS
2026-03-07 21:57:00.371540,NE-003,NAS,TAURequest,NE-022,NE-025,RESPONSE,SIG-7776905759C9,REJECT
2026-03-03 12:01:45.371540,NE-013,GTP-C,CreateSessionRequest,NE-020,NE-018,RESPONSE,SIG-306AEA02C7A5,SUCCESS
2026-01-26 01:08:41.371540,NE-010,SIP,BYE,NE-012,NE-033,REQUEST,SIG-A5D233803B2A,UNKNOWN
2026-02-23 06:40:23.371540,NE-032,SIP,OPTIONS,NE-025,NE-018,RESPONSE,SIG-A1E64A128C2C,SUCCESS
2025-12-26 07:17:33.371540,NE-026,GTP-C,CreateSessionRequest,NE-019,NE-028,NOTIFICATION,SIG-A31864364F5B,SUCCESS
2026-03-02 15:08:49.371540,NE-009,DIAMETER,Authentication-Information-Request,NE-008,NE-013,RESPONSE,SIG-09A060F8187A,SUCCESS
2026-01-14 19:43:32.371540,NE-001,DIAMETER,Authentication-Information-Answer,NE-036,NE-015,REQUEST,SIG-6AB3FE4B0532,SUCCESS
2026-01-06 20:34:55.371540,NE-034,GTP-C,CreateSessionRequest,NE-027,NE-008,REQUEST,SIG-35668CF9808B,AUTH-FAILURE
2026-02-10 11:26:00.371540,NE-003,DIAMETER,Update-Location-Answer,NE-034,NE-032,RESPONSE,SIG-1ED08CA15467,REJECT
2026-01-08 07:47:26.371540,NE-015,NAS,ServiceRequest,NE-020,NE-028,REQUEST,SIG-88B9939757C5,AUTH-FAILURE
2025-12-21 13:16:05.371540,NE-008,DIAMETER,Authentication-Information-Answer,NE-024,NE-015,REQUEST,SIG-1BCC2AC18DAF,RESOURCE-UNAVAILABLE
2026-01-01 20:59:25.371540,NE-020,DIAMETER,Update-Location-Request,NE-002,NE-010,RESPONSE,SIG-5FFFAB068850,AUTH-FAILURE
2025-12-22 14:29:56.371540,NE-010,GTP-C,CreateSessionRequest,NE-036,NE-023,REQUEST,SIG-4DBA1563BA91,PROTOCOL-ERROR
2026-03-08 04:45:13.371540,NE-040,SS7,SCCP-UDT,NE-013,NE-010,REQUEST,SIG-3D40CECDA878,SUCCESS
2026-02-22 16:53:51.371540,NE-007,NAS,AttachAccept,NE-009,NE-037,REQUEST,SIG-6653AEA31B2F,SUCCESS
2026-01-26 14:35:30.371540,NE-012,GTP-C,DeleteSessionRequest,NE-031,NE-038,REQUEST,SIG-7B65C08B5528,SUCCESS
2026-03-03 08:45:15.371540,NE-003,NAS,TAURequest,NE-032,NE-011,RESPONSE,SIG-53CF201F9F72,RESOURCE-UNAVAILABLE
2026-03-01 19:29:30.371540,NE-026,NAS,AttachReject,NE-004,NE-020,NOTIFICATION,SIG-E63A237498CC,SUCCESS
2026-01-11 06:04:16.371540,NE-001,NAS,AttachAccept,NE-032,NE-036,RESPONSE,SIG-52C97BF0E895,SUCCESS
2025-12-27 16:01:01.371540,NE-004,SS7,SCCP-UDT,NE-001,NE-020,REQUEST,SIG-EE0E06165EDE,SUCCESS
2026-01-20 02:43:45.371540,NE-017,DIAMETER,Update-Location-Answer,NE-035,NE-026,REQUEST,SIG-6F35C8BCB0F3,TIMEOUT
2026-01-09 07:02:46.371540,NE-003,GTP-C,DeleteSessionRequest,NE-002,NE-030,REQUEST,SIG-2BE24513670B,REJECT
2026-03-04 22:48:18.371540,NE-037,S1AP,UEContextSetupRequest,NE-014,NE-009,REQUEST,SIG-C07914B891B3,SUCCESS
2026-01-28 22:00:36.371540,NE-015,GTP-C,ModifyBearerRequest,NE-006,NE-025,REQUEST,SIG-7B87BE23B7A7,SUCCESS
2026-01-03 02:08:11.371540,NE-024,DIAMETER,Authentication-Information-Answer,NE-027,NE-029,RESPONSE,SIG-36A9D36F5F7D,REJECT
2025-12-18 05:35:44.371540,NE-016,DIAMETER,Update-Location-Request,NE-026,NE-019,REQUEST,SIG-19CBC3881AA2,UNKNOWN
2026-01-12 08:58:41.371540,NE-022,SS7,MAP-SendAuthInfo,NE-027,NE-007,REQUEST,SIG-434EC4BBB358,TIMEOUT
2025-12-24 22:26:57.371540,NE-015,DIAMETER,Update-Location-Request,NE-022,NE-037,REQUEST,SIG-4206BA98F040,REJECT
2026-01-14 14:26:52.371540,NE-039,GTP-C,ModifyBearerRequest,NE-039,NE-021,RESPONSE,SIG-1B7BDA4E1556,SUCCESS
2026-01-26 17:43:03.371540,NE-007,GTP-C,DeleteSessionRequest,NE-036,NE-037,NOTIFICATION,SIG-8FC25767F6FA,TIMEOUT
2026-01-26 22:16:35.371540,NE-027,S1AP,UEContextReleaseCommand,NE-030,NE-026,RESPONSE,SIG-C525E62EAE90,PROTOCOL-ERROR
2025-12-13 16:20:47.371540,NE-001,NAS,DetachRequest,NE-005,NE-014,NOTIFICATION,SIG-A76D50A0CA9C,AUTH-FAILURE
2026-02-05 16:49:21.371540,NE-027,SS7,MAP-UpdateLocation,NE-012,NE-031,REQUEST,SIG-784C2DCA8ACF,AUTH-FAILURE
2025-12-14 13:33:45.371540,NE-001,NAS,AttachRequest,NE-024,NE-018,RESPONSE,SIG-BE43880679FF,SUCCESS
2025-12-15 16:14:46.371540,NE-005,NAS,ServiceRequest,NE-017,NE-037,REQUEST,SIG-6037DF7696E2,RESOURCE-UNAVAILABLE
2025-12-19 11:52:26.371540,NE-033,NAS,DetachRequest,NE-035,NE-002,REQUEST,SIG-73FFA71FC64E,AUTH-FAILURE
2026-01-23 21:28:59.371540,NE-006,GTP-C,CreateSessionResponse,NE-027,NE-021,RESPONSE,SIG-2BEFD243205C,PROTOCOL-ERROR
2026-02-15 16:54:17.371540,NE-032,S1AP,PathSwitchRequest,NE-008,NE-028,REQUEST,SIG-BD6CF15B56CF,SUCCESS
2026-02-15 04:26:02.371540,NE-020,DIAMETER,Update-Location-Request,NE-005,NE-038,RESPONSE,SIG-74A49752BD3B,UNKNOWN
2025-12-15 22:57:57.371540,NE-034,NAS,AttachAccept,NE-020,NE-010,REQUEST,SIG-60BE06D0BA07,SUCCESS
2026-01-07 14:54:46.371540,NE-007,DIAMETER,Authentication-Information-Answer,NE-030,NE-001,REQUEST,SIG-C5AB3DCA39B8,SUCCESS
2026-01-17 23:33:02.371540,NE-010,NAS,AttachRequest,NE-011,NE-038,RESPONSE,SIG-627B0E98E5EA,REJECT
2026-01-07 18:56:10.371540,NE-025,S1AP,PathSwitchRequest,NE-009,NE-030,REQUEST,SIG-3508C742CD74,TIMEOUT
2025-12-31 23:53:00.371540,NE-037,S1AP,PathSwitchRequest,NE-017,NE-025,RESPONSE,SIG-CD3CEFCB27F0,TIMEOUT
2026-02-10 22:22:43.371540,NE-003,GTP-C,ModifyBearerRequest,NE-036,NE-021,RESPONSE,SIG-1E616B7D5B97,RESOURCE-UNAVAILABLE
2026-01-27 01:36:47.371540,NE-013,SS7,SCCP-UDT,NE-020,NE-033,RESPONSE,SIG-46F66FEDCC58,TIMEOUT
2026-01-08 03:40:13.371540,NE-009,GTP-C,CreateSessionResponse,NE-030,NE-035,RESPONSE,SIG-DB017900701E,REJECT
2026-02-01 19:10:42.371540,NE-021,NAS,AttachReject,NE-013,NE-036,RESPONSE,SIG-36205FDEE511,REJECT
2026-03-06 09:50:20.371540,NE-033,S1AP,UEContextReleaseCommand,NE-008,NE-016,RESPONSE,SIG-490FD970EB3C,TIMEOUT
2025-12-31 19:06:47.371540,NE-037,GTP-C,DeleteSessionRequest,NE-022,NE-037,RESPONSE,SIG-B31B4B7DD6AD,SUCCESS
2026-01-04 20:31:37.371540,NE-039,DIAMETER,Update-Location-Answer,NE-022,NE-012,RESPONSE,SIG-46C813C8203C,SUCCESS
2026-02-27 07:44:55.371540,NE-001,SS7,MAP-UpdateLocation,NE-004,NE-003,REQUEST,SIG-3444199EE1D2,SUCCESS
2026-02-08 04:25:05.371540,NE-037,SS7,SCCP-UDT,NE-004,NE-021,REQUEST,SIG-C34B80BDB1DE,TIMEOUT
2026-02-05 19:59:39.371540,NE-029,DIAMETER,Update-Location-Answer,NE-036,NE-015,REQUEST,SIG-857E3A0149FA,SUCCESS
2026-02-11 04:14:35.371540,NE-028,S1AP,InitialUEMessage,NE-034,NE-008,REQUEST,SIG-9B5178CD0473,REJECT
2025-12-23 17:24:49.371540,NE-018,GTP-C,DeleteSessionRequest,NE-034,NE-029,RESPONSE,SIG-1300B4D81CB6,SUCCESS
2025-12-19 05:15:37.371540,NE-008,NAS,TAURequest,NE-022,NE-014,NOTIFICATION,SIG-89CCAB831DB5,SUCCESS
2026-02-20 23:37:19.371540,NE-036,SS7,MAP-SendRoutingInfo,NE-024,NE-021,REQUEST,SIG-64981638C8DA,PROTOCOL-ERROR
2026-02-11 03:09:52.371540,NE-007,NAS,AttachRequest,NE-008,NE-033,RESPONSE,SIG-81BACD82F805,SUCCESS
2025-12-23 23:54:10.371540,NE-012,SS7,MAP-UpdateLocation,NE-008,NE-035,RESPONSE,SIG-921F76A4EE1C,PROTOCOL-ERROR
2026-01-19 16:09:01.371540,NE-021,SIP,200 OK,NE-008,NE-013,REQUEST,SIG-47987F60CA03,TIMEOUT
2026-01-13 22:18:59.371540,NE-018,NAS,AttachAccept,NE-014,NE-011,REQUEST,SIG-CC3B73FFF8E3,PROTOCOL-ERROR
2026-01-17 09:50:15.371540,NE-019,S1AP,PathSwitchRequest,NE-018,NE-005,NOTIFICATION,SIG-1F43F686FFF2,SUCCESS
2026-01-17 16:24:58.371540,NE-025,S1AP,UEContextSetupRequest,NE-008,NE-014,REQUEST,SIG-674AC85BA444,UNKNOWN
2026-03-02 20:51:17.371540,NE-036,NAS,AttachAccept,NE-039,NE-027,REQUEST,SIG-7F5136ED3F38,REJECT
2026-01-28 13:36:27.371540,NE-006,NAS,TAURequest,NE-036,NE-027,REQUEST,SIG-01E399AD823D,REJECT
2025-12-18 07:47:56.371540,NE-007,S1AP,PathSwitchRequest,NE-024,NE-022,REQUEST,SIG-21849025BBC3,TIMEOUT
2026-02-13 10:11:34.371540,NE-032,DIAMETER,Authentication-Information-Answer,NE-005,NE-025,RESPONSE,SIG-167C70EFF7A6,SUCCESS
2026-01-05 12:49:56.371540,NE-009,NAS,AttachAccept,NE-009,NE-026,REQUEST,SIG-5DF3CDD509A0,RESOURCE-UNAVAILABLE
2026-02-04 12:36:56.371540,NE-038,DIAMETER,Authentication-Information-Answer,NE-012,NE-020,REQUEST,SIG-8C1158413762,REJECT
2026-01-28 02:07:15.371540,NE-018,SS7,MAP-SendRoutingInfo,NE-021,NE-028,REQUEST,SIG-EAB89D1521CB,SUCCESS
2026-03-04 02:56:02.371540,NE-011,DIAMETER,Update-Location-Request,NE-028,NE-021,RESPONSE,SIG-E22F1FA81FB3,RESOURCE-UNAVAILABLE
2025-12-16 18:40:09.371540,NE-040,SS7,SCCP-UDT,NE-006,NE-034,RESPONSE,SIG-6D07A37BEA43,RESOURCE-UNAVAILABLE
2026-01-31 05:41:50.371540,NE-024,S1AP,InitialUEMessage,NE-021,NE-009,REQUEST,SIG-B887D1257C24,RESOURCE-UNAVAILABLE
2026-01-05 05:18:56.371540,NE-027,SS7,MAP-SendRoutingInfo,NE-009,NE-013,RESPONSE,SIG-2711AE8B6FC2,TIMEOUT
2025-12-31 14:29:10.371540,NE-028,DIAMETER,Authentication-Information-Request,NE-018,NE-003,REQUEST,SIG-924EB289E2AD,SUCCESS
2026-01-17 09:14:12.371540,NE-011,DIAMETER,Update-Location-Answer,NE-017,NE-016,REQUEST,SIG-6F4C027FE042,RESOURCE-UNAVAILABLE
2025-12-23 17:03:02.371540,NE-036,SS7,MAP-SendAuthInfo,NE-033,NE-020,REQUEST,SIG-B26E78E7ACBA,REJECT
2025-12-18 00:59:06.371540,NE-037,DIAMETER,Authentication-Information-Request,NE-008,NE-039,RESPONSE,SIG-A50E963AEFE3,PROTOCOL-ERROR
2026-03-01 10:58:41.371540,NE-019,GTP-C,CreateSessionRequest,NE-016,NE-014,RESPONSE,SIG-3F9A8E33556C,PROTOCOL-ERROR
2026-03-02 06:41:45.371540,NE-008,NAS,AttachAccept,NE-024,NE-018,REQUEST,SIG-31C937C91B93,SUCCESS
2026-02-21 06:47:16.371540,NE-039,DIAMETER,Authentication-Information-Answer,NE-008,NE-030,REQUEST,SIG-602D8CE782A7,REJECT
2026-01-06 16:46:39.371540,NE-008,S1AP,UEContextSetupRequest,NE-022,NE-030,REQUEST,SIG-C0DB9CDAE838,UNKNOWN
2026-02-04 13:38:35.371540,NE-035,SS7,MAP-SendAuthInfo,NE-020,NE-035,REQUEST,SIG-C5C27BF4CDFB,PROTOCOL-ERROR
2026-03-08 05:16:29.371540,NE-011,GTP-C,DeleteSessionRequest,NE-029,NE-039,REQUEST,SIG-89D5DA417DFF,REJECT
2026-01-21 01:40:46.371540,NE-012,DIAMETER,Authentication-Information-Answer,NE-013,NE-003,RESPONSE,SIG-F5F73AAEF40A,SUCCESS
2026-01-09 11:22:27.371540,NE-011,NAS,DetachRequest,NE-020,NE-033,RESPONSE,SIG-B19C32C9F0DE,UNKNOWN
2026-01-11 06:23:08.371540,NE-012,S1AP,InitialUEMessage,NE-031,NE-032,REQUEST,SIG-33C8114C1F68,RESOURCE-UNAVAILABLE
2026-03-03 03:57:35.371540,NE-019,SIP,INVITE,NE-015,NE-009,RESPONSE,SIG-08168B4D5DAA,SUCCESS
2026-02-04 01:59:52.371540,NE-001,DIAMETER,Authentication-Information-Answer,NE-001,NE-020,RESPONSE,SIG-3F9024F0386C,UNKNOWN
2026-01-22 02:02:49.371540,NE-034,SS7,MAP-SendAuthInfo,NE-030,NE-011,REQUEST,SIG-6BE969D05321,SUCCESS
2026-02-06 16:51:26.371540,NE-016,SS7,MAP-SendAuthInfo,NE-038,NE-015,RESPONSE,SIG-E41EE69A9E3B,PROTOCOL-ERROR
2026-02-07 21:53:34.371540,NE-004,GTP-C,ModifyBearerRequest,NE-039,NE-033,RESPONSE,SIG-B92C2ACEDED3,REJECT
2026-02-03 12:29:38.371540,NE-027,NAS,ServiceRequest,NE-019,NE-015,RESPONSE,SIG-66981AC29E68,SUCCESS
2026-01-19 07:54:56.371540,NE-020,GTP-C,ModifyBearerRequest,NE-003,NE-011,REQUEST,SIG-498E321FF937,PROTOCOL-ERROR
2025-12-29 00:33:14.371540,NE-005,DIAMETER,Authentication-Information-Request,NE-013,NE-023,REQUEST,SIG-ACD7B8844936,TIMEOUT
2026-01-29 22:45:00.371540,NE-026,SIP,REGISTER,NE-037,NE-039,RESPONSE,SIG-60E0E6C459C5,TIMEOUT
2026-01-25 17:25:19.371540,NE-033,S1AP,HandoverRequest,NE-002,NE-006,REQUEST,SIG-985FD1883F9C,SUCCESS
2026-01-05 06:47:38.371540,NE-009,SS7,MAP-SendAuthInfo,NE-019,NE-005,REQUEST,SIG-8AB807B8E937,TIMEOUT
2025-12-29 05:41:44.371540,NE-024,NAS,ServiceRequest,NE-036,NE-010,RESPONSE,SIG-C7E3E44B053D,SUCCESS
2026-01-27 18:51:04.371540,NE-015,S1AP,UEContextReleaseCommand,NE-018,NE-022,REQUEST,SIG-4B4DD4DFAE00,REJECT
2025-12-31 12:23:51.371540,NE-034,GTP-C,CreateSessionRequest,NE-014,NE-011,RESPONSE,SIG-731C8054B3D5,PROTOCOL-ERROR
2026-01-04 00:00:57.371540,NE-006,SS7,MAP-SendAuthInfo,NE-026,NE-008,RESPONSE,SIG-7380051D32D3,SUCCESS
2026-02-10 19:50:37.371540,NE-015,DIAMETER,Update-Location-Request,NE-012,NE-028,REQUEST,SIG-FAEE133CAA84,UNKNOWN
2026-02-17 00:41:23.371540,NE-019,NAS,DetachRequest,NE-037,NE-018,REQUEST,SIG-AA2B91256A16,PROTOCOL-ERROR
2026-01-01 01:08:36.371540,NE-002,NAS,AttachAccept,NE-005,NE-032,RESPONSE,SIG-A9D8000B1657,SUCCESS
2026-03-03 23:42:02.371540,NE-011,NAS,ServiceRequest,NE-012,NE-036,REQUEST,SIG-D5DF1150F088,RESOURCE-UNAVAILABLE
2026-01-24 05:17:46.371540,NE-013,DIAMETER,Update-Location-Request,NE-003,NE-035,RESPONSE,SIG-1E0AE11BED6A,TIMEOUT
2026-01-08 11:18:59.371540,NE-001,SS7,MAP-UpdateLocation,NE-040,NE-029,RESPONSE,SIG-D8A93527888D,RESOURCE-UNAVAILABLE
2026-03-08 23:22:49.371540,NE-010,NAS,TAURequest,NE-027,NE-014,RESPONSE,SIG-78AC12C500CD,SUCCESS
2026-02-15 10:23:18.371540,NE-012,DIAMETER,Authentication-Information-Answer,NE-038,NE-004,REQUEST,SIG-CE0DD5D57572,REJECT
2026-03-10 06:15:37.371540,NE-013,GTP-C,DeleteSessionRequest,NE-009,NE-019,REQUEST,SIG-4D1E2CC148BA,AUTH-FAILURE
2025-12-21 10:52:03.371540,NE-025,S1AP,UEContextSetupRequest,NE-022,NE-015,RESPONSE,SIG-8B5C2F15AFE5,RESOURCE-UNAVAILABLE
2025-12-28 14:46:14.371540,NE-025,GTP-C,CreateSessionResponse,NE-007,NE-035,REQUEST,SIG-9BACECA2C39E,TIMEOUT
2026-02-15 15:28:18.371540,NE-039,DIAMETER,Authentication-Information-Answer,NE-036,NE-011,REQUEST,SIG-099D5B1EAB47,SUCCESS
2026-01-23 14:04:23.371540,NE-003,DIAMETER,Authentication-Information-Answer,NE-007,NE-013,REQUEST,SIG-384F5AD2B97C,UNKNOWN
2026-01-07 16:19:24.371540,NE-022,DIAMETER,Authentication-Information-Answer,NE-035,NE-025,RESPONSE,SIG-66D2A2CC3170,SUCCESS
2026-02-11 05:27:09.371540,NE-010,S1AP,HandoverRequest,NE-026,NE-005,REQUEST,SIG-04306F465129,REJECT
2026-02-11 22:39:04.371540,NE-001,NAS,AttachReject,NE-018,NE-019,RESPONSE,SIG-F17E9E2467F4,REJECT
2025-12-24 02:59:47.371540,NE-012,DIAMETER,Update-Location-Answer,NE-002,NE-034,REQUEST,SIG-164ED19E201F,TIMEOUT
2026-02-23 10:28:46.371540,NE-016,DIAMETER,Authentication-Information-Answer,NE-010,NE-038,NOTIFICATION,SIG-C2D91C602CD3,SUCCESS
2025-12-28 06:12:51.371540,NE-014,DIAMETER,Update-Location-Answer,NE-002,NE-004,NOTIFICATION,SIG-141623B910F4,SUCCESS
2025-12-20 01:46:42.371540,NE-036,DIAMETER,Update-Location-Answer,NE-029,NE-014,RESPONSE,SIG-3C444DE0DB13,SUCCESS
2025-12-31 08:46:50.371540,NE-014,DIAMETER,Update-Location-Request,NE-016,NE-002,RESPONSE,SIG-52929FCF2F2F,SUCCESS
2026-02-24 09:21:19.371540,NE-038,NAS,TAURequest,NE-009,NE-016,REQUEST,SIG-43D1BAE577AA,SUCCESS
2026-02-12 10:17:27.371540,NE-009,SS7,MAP-SendAuthInfo,NE-017,NE-040,NOTIFICATION,SIG-91E4B0F7BD97,TIMEOUT
2026-03-08 07:16:48.371540,NE-008,GTP-C,CreateSessionRequest,NE-033,NE-003,NOTIFICATION,SIG-A776350044F0,TIMEOUT
2026-02-18 04:11:37.371540,NE-038,S1AP,InitialUEMessage,NE-034,NE-033,RESPONSE,SIG-56596CF989CD,AUTH-FAILURE
2026-02-20 03:44:33.371540,NE-036,S1AP,UEContextReleaseCommand,NE-034,NE-027,RESPONSE,SIG-30D258BD54A7,TIMEOUT
2026-02-12 23:23:51.371540,NE-034,NAS,AttachReject,NE-006,NE-029,RESPONSE,SIG-2B25DE896AEB,PROTOCOL-ERROR
2025-12-18 00:44:39.371540,NE-008,S1AP,UEContextSetupRequest,NE-002,NE-006,REQUEST,SIG-F30A622B72A5,TIMEOUT
2026-01-03 21:17:09.371540,NE-006,NAS,DetachRequest,NE-033,NE-005,REQUEST,SIG-4270F4998AE0,SUCCESS
2026-02-03 15:04:37.371540,NE-030,NAS,ServiceRequest,NE-008,NE-020,REQUEST,SIG-8819C65BA705,AUTH-FAILURE
2026-01-29 02:12:15.371540,NE-033,GTP-C,DeleteSessionRequest,NE-010,NE-004,RESPONSE,SIG-3B2BDEEE9E22,RESOURCE-UNAVAILABLE
2025-12-14 18:10:34.371540,NE-027,NAS,ServiceRequest,NE-030,NE-020,REQUEST,SIG-220482EFE97A,REJECT
2026-01-25 12:16:51.371540,NE-017,S1AP,UEContextReleaseCommand,NE-004,NE-025,REQUEST,SIG-5E31206D7B9C,SUCCESS
2026-02-06 19:46:51.371540,NE-019,DIAMETER,Update-Location-Answer,NE-038,NE-012,RESPONSE,SIG-F5783655B88F,SUCCESS
2026-01-07 17:32:31.371540,NE-027,S1AP,HandoverRequest,NE-006,NE-040,REQUEST,SIG-B96DBFB35C08,PROTOCOL-ERROR
2026-01-12 17:09:41.371540,NE-005,S1AP,HandoverRequest,NE-026,NE-011,RESPONSE,SIG-4CE324614D1A,SUCCESS
2025-12-15 18:44:16.371540,NE-005,NAS,AttachRequest,NE-029,NE-025,RESPONSE,SIG-62644FFC25C4,REJECT
2026-02-22 10:12:51.371540,NE-029,NAS,AttachReject,NE-039,NE-038,REQUEST,SIG-FBB0F73E9CA9,REJECT
2026-02-08 12:35:57.371540,NE-040,S1AP,UEContextReleaseCommand,NE-025,NE-027,RESPONSE,SIG-3CD9DE916B10,SUCCESS
2025-12-22 09:15:46.371540,NE-009,NAS,DetachRequest,NE-031,NE-002,REQUEST,SIG-9AE8009D715E,SUCCESS
2026-02-22 00:31:50.371540,NE-022,DIAMETER,Update-Location-Request,NE-012,NE-001,NOTIFICATION,SIG-53AC0C2704C3,SUCCESS
2026-01-22 02:53:34.371540,NE-019,S1AP,UEContextReleaseCommand,NE-027,NE-032,RESPONSE,SIG-168105D71F65,TIMEOUT
2026-01-14 00:15:27.371540,NE-036,S1AP,PathSwitchRequest,NE-030,NE-034,REQUEST,SIG-D7A1EEA73F64,REJECT
2026-02-25 07:58:17.371540,NE-032,NAS,AttachReject,NE-034,NE-010,REQUEST,SIG-43C00D657AEA,AUTH-FAILURE
2026-03-08 18:03:31.371540,NE-027,NAS,TAURequest,NE-021,NE-008,NOTIFICATION,SIG-76ED6239432E,RESOURCE-UNAVAILABLE
2026-02-23 04:34:58.371540,NE-019,S1AP,UEContextReleaseCommand,NE-002,NE-036,RESPONSE,SIG-D7FD41524AD7,REJECT
2026-02-18 21:47:33.371540,NE-007,SIP,200 OK,NE-023,NE-010,REQUEST,SIG-15082F7B7F5E,REJECT
2026-02-02 23:40:09.371540,NE-032,S1AP,InitialUEMessage,NE-020,NE-006,REQUEST,SIG-F5251F0BA8A1,SUCCESS
2026-03-09 03:13:47.371540,NE-017,SS7,MAP-SendRoutingInfo,NE-029,NE-012,REQUEST,SIG-810E8700479F,TIMEOUT
2025-12-14 11:30:59.371540,NE-021,NAS,AttachAccept,NE-002,NE-022,REQUEST,SIG-FC6F7B10D6D2,SUCCESS
2026-02-17 19:00:05.371540,NE-038,NAS,AttachRequest,NE-015,NE-033,RESPONSE,SIG-A9EC77B31CED,SUCCESS
2026-02-23 13:40:36.371540,NE-008,NAS,AttachRequest,NE-034,NE-039,REQUEST,SIG-21AA33F9F449,TIMEOUT
2026-01-16 14:19:23.371540,NE-036,NAS,AttachRequest,NE-034,NE-013,REQUEST,SIG-94DA9FC92101,AUTH-FAILURE
2026-01-16 00:40:16.371540,NE-011,S1AP,UEContextReleaseCommand,NE-037,NE-024,RESPONSE,SIG-AAA8BE516916,TIMEOUT
2026-02-21 05:44:49.371540,NE-013,GTP-C,CreateSessionResponse,NE-031,NE-019,RESPONSE,SIG-BB979D166B0C,RESOURCE-UNAVAILABLE
2025-12-23 11:56:59.371540,NE-009,NAS,DetachRequest,NE-040,NE-021,RESPONSE,SIG-A34F15CD5B94,TIMEOUT
2026-01-12 02:10:10.371540,NE-001,GTP-C,CreateSessionRequest,NE-007,NE-003,REQUEST,SIG-E096575E957D,SUCCESS
2026-02-26 12:15:30.371540,NE-024,S1AP,UEContextReleaseCommand,NE-011,NE-012,RESPONSE,SIG-4F5805B514E3,TIMEOUT
2026-01-10 00:08:59.371540,NE-012,GTP-C,ModifyBearerRequest,NE-010,NE-025,REQUEST,SIG-139A87287371,SUCCESS
2026-03-08 20:44:37.371540,NE-021,S1AP,UEContextSetupRequest,NE-021,NE-017,REQUEST,SIG-6C368245C250,RESOURCE-UNAVAILABLE
2025-12-21 12:49:27.371540,NE-021,S1AP,PathSwitchRequest,NE-023,NE-026,RESPONSE,SIG-D845E54A3477,TIMEOUT
2026-01-28 08:01:15.371540,NE-005,S1AP,UEContextSetupRequest,NE-018,NE-015,RESPONSE,SIG-8B51EDBB8BB6,PROTOCOL-ERROR
2025-12-15 03:25:09.371540,NE-031,NAS,AttachReject,NE-017,NE-016,REQUEST,SIG-E28C7DBBF64E,UNKNOWN
2026-01-20 03:41:21.371540,NE-025,GTP-C,CreateSessionRequest,NE-005,NE-009,RESPONSE,SIG-4C79D3F4E6F3,PROTOCOL-ERROR
2026-03-06 22:54:54.371540,NE-037,NAS,TAURequest,NE-022,NE-030,REQUEST,SIG-6D9D34A85F87,SUCCESS
2026-01-15 20:36:49.371540,NE-020,SS7,SCCP-UDT,NE-020,NE-039,REQUEST,SIG-493EFDD7EA93,TIMEOUT
2026-03-07 11:03:15.371540,NE-034,NAS,AttachAccept,NE-031,NE-038,REQUEST,SIG-6D76A9C1DE07,SUCCESS
2025-12-29 00:31:47.371540,NE-023,NAS,AttachReject,NE-004,NE-002,NOTIFICATION,SIG-8562034BAC33,REJECT
2026-03-07 05:20:45.371540,NE-016,SS7,SCCP-UDT,NE-008,NE-038,RESPONSE,SIG-EDB3411339C3,PROTOCOL-ERROR
2025-12-27 15:59:47.371540,NE-015,S1AP,InitialUEMessage,NE-004,NE-037,REQUEST,SIG-251E9305BE6F,SUCCESS
2026-01-02 03:25:23.371540,NE-010,S1AP,UEContextReleaseCommand,NE-002,NE-016,REQUEST,SIG-4969D340AF0A,SUCCESS
2026-02-28 10:41:30.371540,NE-039,GTP-C,CreateSessionResponse,NE-017,NE-034,NOTIFICATION,SIG-519AFF38EE70,SUCCESS
2026-01-25 01:58:33.371540,NE-017,DIAMETER,Update-Location-Request,NE-032,NE-021,RESPONSE,SIG-5BF6639DC889,RESOURCE-UNAVAILABLE
2026-01-10 12:39:30.371540,NE-040,S1AP,HandoverRequest,NE-005,NE-026,RESPONSE,SIG-4B6CA3FCC145,PROTOCOL-ERROR
2025-12-28 04:21:11.371540,NE-021,S1AP,HandoverRequest,NE-020,NE-024,RESPONSE,SIG-AC1EDA640D43,TIMEOUT
2025-12-27 18:44:49.371540,NE-022,SS7,SCCP-UDT,NE-033,NE-037,REQUEST,SIG-FA8D66DCAEC0,SUCCESS
2026-02-18 09:10:11.371540,NE-016,S1AP,HandoverRequest,NE-021,NE-033,RESPONSE,SIG-1F52694EB64B,SUCCESS
2026-02-05 19:37:14.371540,NE-028,DIAMETER,Update-Location-Answer,NE-005,NE-026,RESPONSE,SIG-C5585AF0E4EB,PROTOCOL-ERROR
2026-01-12 08:52:59.371540,NE-025,SS7,MAP-SendRoutingInfo,NE-034,NE-018,RESPONSE,SIG-973FE520AB68,PROTOCOL-ERROR
2025-12-27 17:09:53.371540,NE-031,NAS,DetachRequest,NE-036,NE-014,REQUEST,SIG-77512BED106C,SUCCESS
2025-12-10 18:41:46.371540,NE-039,NAS,DetachRequest,NE-025,NE-033,REQUEST,SIG-C0180CA03E62,SUCCESS
2026-02-20 11:36:23.371540,NE-038,NAS,AttachAccept,NE-009,NE-035,REQUEST,SIG-813A75FC7203,TIMEOUT
2026-01-21 22:09:38.371540,NE-021,SIP,BYE,NE-034,NE-032,RESPONSE,SIG-E2F3DEF28858,RESOURCE-UNAVAILABLE
2025-12-30 02:05:23.371540,NE-029,DIAMETER,Authentication-Information-Answer,NE-016,NE-014,RESPONSE,SIG-4F1DDB766439,SUCCESS
2026-01-31 08:26:30.371540,NE-001,DIAMETER,Authentication-Information-Request,NE-039,NE-036,RESPONSE,SIG-1B4964526E18,SUCCESS
2026-01-04 06:16:37.371540,NE-022,DIAMETER,Authentication-Information-Request,NE-033,NE-028,REQUEST,SIG-B8B5D4BC67AE,AUTH-FAILURE
2026-02-13 18:08:11.371540,NE-003,NAS,DetachRequest,NE-023,NE-017,REQUEST,SIG-5EFFA50A3280,SUCCESS
2026-02-12 22:01:24.371540,NE-023,S1AP,InitialUEMessage,NE-016,NE-018,REQUEST,SIG-189EACA14564,RESOURCE-UNAVAILABLE
2025-12-18 04:40:18.371540,NE-027,GTP-C,ModifyBearerRequest,NE-033,NE-025,REQUEST,SIG-98E65D4D1EB7,SUCCESS
2026-02-25 19:02:34.371540,NE-022,NAS,AttachReject,NE-019,NE-023,RESPONSE,SIG-D155DEF93479,TIMEOUT
2026-01-04 12:46:41.371540,NE-004,SS7,MAP-SendRoutingInfo,NE-024,NE-026,RESPONSE,SIG-92BCBF4EB152,SUCCESS
2026-01-22 02:17:15.371540,NE-025,DIAMETER,Authentication-Information-Request,NE-003,NE-040,RESPONSE,SIG-668E1C6CF241,UNKNOWN
2026-02-21 20:33:09.371540,NE-009,DIAMETER,Update-Location-Request,NE-024,NE-035,RESPONSE,SIG-BF4D56441D54,REJECT
2025-12-19 06:22:09.371540,NE-022,GTP-C,DeleteSessionRequest,NE-004,NE-007,REQUEST,SIG-7280D6B2296F,SUCCESS
2026-01-26 09:55:40.371540,NE-039,NAS,TAURequest,NE-027,NE-002,REQUEST,SIG-C74294634797,SUCCESS
2025-12-11 14:27:23.371540,NE-007,NAS,DetachRequest,NE-037,NE-039,RESPONSE,SIG-1316A41E1440,SUCCESS
2026-02-13 03:23:37.371540,NE-018,NAS,AttachAccept,NE-040,NE-036,RESPONSE,SIG-4F793D269D3B,REJECT
2026-02-08 13:13:44.371540,NE-030,NAS,ServiceRequest,NE-029,NE-011,REQUEST,SIG-000505723713,PROTOCOL-ERROR
2026-02-23 21:30:12.371540,NE-022,GTP-C,CreateSessionRequest,NE-028,NE-032,REQUEST,SIG-07698E5D8204,REJECT
2026-03-04 20:02:29.371540,NE-004,S1AP,UEContextSetupRequest,NE-035,NE-019,RESPONSE,SIG-572C2B0C1697,PROTOCOL-ERROR
2026-01-30 09:09:10.371540,NE-028,DIAMETER,Authentication-Information-Answer,NE-015,NE-014,REQUEST,SIG-237850CE6AB8,SUCCESS
2026-02-04 08:01:07.371540,NE-029,GTP-C,CreateSessionResponse,NE-021,NE-027,REQUEST,SIG-4261DC329403,REJECT
2026-01-30 08:47:20.371540,NE-037,DIAMETER,Update-Location-Answer,NE-020,NE-008,NOTIFICATION,SIG-0D83DC0991B3,AUTH-FAILURE
2026-02-22 07:04:01.371540,NE-027,S1AP,UEContextReleaseCommand,NE-020,NE-037,RESPONSE,SIG-B5C02969B459,REJECT
2025-12-11 08:45:54.371540,NE-015,NAS,ServiceRequest,NE-031,NE-038,RESPONSE,SIG-9527C2451607,SUCCESS
2025-12-16 11:36:27.371540,NE-020,GTP-C,ModifyBearerRequest,NE-020,NE-028,RESPONSE,SIG-2E3758C82CAE,SUCCESS
2025-12-28 20:38:07.371540,NE-025,NAS,AttachAccept,NE-031,NE-014,REQUEST,SIG-5F131CAA8211,SUCCESS
2026-01-12 21:58:17.371540,NE-036,DIAMETER,Authentication-Information-Request,NE-018,NE-015,RESPONSE,SIG-BCAA688158EF,SUCCESS
2026-01-13 14:19:22.371540,NE-028,S1AP,PathSwitchRequest,NE-040,NE-029,RESPONSE,SIG-3EB3D47771C5,TIMEOUT
2025-12-30 01:41:59.371540,NE-036,S1AP,InitialUEMessage,NE-028,NE-032,RESPONSE,SIG-A800248EF66B,RESOURCE-UNAVAILABLE
2026-02-02 00:52:18.371540,NE-022,GTP-C,CreateSessionRequest,NE-002,NE-031,RESPONSE,SIG-FD859DC3597D,TIMEOUT
2026-02-09 18:57:35.371540,NE-007,S1AP,UEContextSetupRequest,NE-031,NE-014,RESPONSE,SIG-EFA88DBAC24F,SUCCESS
2026-01-11 16:16:15.371540,NE-001,S1AP,PathSwitchRequest,NE-016,NE-032,REQUEST,SIG-678B1F70A2EE,RESOURCE-UNAVAILABLE
2026-02-01 10:22:09.371540,NE-014,SIP,200 OK,NE-020,NE-029,REQUEST,SIG-BC2D41292E53,SUCCESS
2026-01-22 07:13:06.371540,NE-020,GTP-C,ModifyBearerRequest,NE-008,NE-012,RESPONSE,SIG-2CD01AF0F149,REJECT
2026-01-15 10:03:21.371540,NE-027,S1AP,HandoverRequest,NE-025,NE-005,RESPONSE,SIG-834E9AB18B01,REJECT
2026-02-26 09:00:03.371540,NE-006,DIAMETER,Authentication-Information-Answer,NE-024,NE-021,RESPONSE,SIG-1FAD6024F6DE,REJECT
2026-02-15 19:19:12.371540,NE-022,SIP,404 Not Found,NE-001,NE-002,REQUEST,SIG-44174703A4FE,AUTH-FAILURE
2026-03-01 22:26:25.371540,NE-010,SIP,INVITE,NE-001,NE-029,RESPONSE,SIG-FFCAE0A2B9C2,TIMEOUT
2026-03-06 17:49:04.371540,NE-001,SS7,MAP-SendRoutingInfo,NE-031,NE-004,REQUEST,SIG-FA4F98E8C6DB,SUCCESS
2025-12-20 22:32:23.371540,NE-006,S1AP,UEContextSetupRequest,NE-033,NE-038,REQUEST,SIG-DA2D18A523F5,RESOURCE-UNAVAILABLE
2025-12-29 15:24:31.371540,NE-028,SS7,MAP-UpdateLocation,NE-008,NE-030,RESPONSE,SIG-DB9A707FDE64,REJECT
2025-12-11 15:08:20.371540,NE-023,NAS,TAURequest,NE-014,NE-011,RESPONSE,SIG-3FC2678CD108,TIMEOUT
2025-12-13 19:12:29.371540,NE-004,DIAMETER,Update-Location-Request,NE-001,NE-002,REQUEST,SIG-E05532821D47,SUCCESS
2026-02-24 14:22:23.371540,NE-032,S1AP,UEContextSetupRequest,NE-010,NE-021,RESPONSE,SIG-55EF3F4304FE,SUCCESS
2026-01-13 11:59:26.371540,NE-007,SS7,MAP-SendAuthInfo,NE-009,NE-033,RESPONSE,SIG-9598DF1F5B77,TIMEOUT
2026-01-07 00:16:26.371540,NE-019,NAS,ServiceRequest,NE-023,NE-025,REQUEST,SIG-1714CE399323,SUCCESS
2026-02-23 09:11:00.371540,NE-028,S1AP,InitialUEMessage,NE-010,NE-021,RESPONSE,SIG-7AE9919574CA,TIMEOUT
2026-01-21 02:17:18.371540,NE-007,NAS,AttachReject,NE-009,NE-008,RESPONSE,SIG-E675798804B4,SUCCESS
2025-12-20 16:03:38.371540,NE-006,NAS,DetachRequest,NE-003,NE-012,RESPONSE,SIG-F6DD706F42C0,REJECT
2025-12-14 00:07:08.371540,NE-030,DIAMETER,Authentication-Information-Answer,NE-014,NE-001,RESPONSE,SIG-9F8AADC3E0A8,RESOURCE-UNAVAILABLE
2026-02-27 21:43:18.371540,NE-029,DIAMETER,Update-Location-Request,NE-035,NE-002,REQUEST,SIG-DD894B777928,SUCCESS
2026-02-26 16:20:25.371540,NE-036,NAS,AttachRequest,NE-036,NE-033,RESPONSE,SIG-6997551C72B6,PROTOCOL-ERROR
2026-02-17 02:16:19.371540,NE-032,NAS,TAURequest,NE-040,NE-030,REQUEST,SIG-099EB2C83579,SUCCESS
2025-12-29 04:23:59.371540,NE-028,DIAMETER,Update-Location-Request,NE-021,NE-013,RESPONSE,SIG-FF7E2FBEA090,SUCCESS
2026-02-03 02:55:07.371540,NE-009,S1AP,UEContextSetupRequest,NE-039,NE-031,RESPONSE,SIG-742733A62E8B,SUCCESS
2025-12-23 10:05:23.371540,NE-006,SIP,OPTIONS,NE-008,NE-015,REQUEST,SIG-07E46AF73CA7,SUCCESS
2025-12-17 14:02:55.371540,NE-005,SIP,OPTIONS,NE-028,NE-021,REQUEST,SIG-8EB9C71ECAFF,TIMEOUT
2025-12-20 20:19:27.371540,NE-030,DIAMETER,Authentication-Information-Request,NE-024,NE-039,REQUEST,SIG-5E6E72DB6931,TIMEOUT
2026-02-25 02:01:48.371540,NE-031,NAS,AttachRequest,NE-040,NE-012,REQUEST,SIG-B355F6A1A347,TIMEOUT
2026-02-28 05:48:05.371540,NE-026,SS7,MAP-UpdateLocation,NE-007,NE-030,REQUEST,SIG-73E2AD52989F,PROTOCOL-ERROR
2026-01-16 13:19:00.371540,NE-027,S1AP,UEContextReleaseCommand,NE-040,NE-018,RESPONSE,SIG-2BC78C86F88A,PROTOCOL-ERROR
2026-03-04 09:37:30.371540,NE-002,DIAMETER,Authentication-Information-Request,NE-017,NE-010,RESPONSE,SIG-2300F39D36B6,RESOURCE-UNAVAILABLE
2025-12-14 11:42:17.371540,NE-023,NAS,AttachAccept,NE-005,NE-017,REQUEST,SIG-E9342D2E9623,REJECT
2026-03-01 20:05:20.371540,NE-005,DIAMETER,Authentication-Information-Request,NE-027,NE-015,RESPONSE,SIG-07DF6ED0B4E2,SUCCESS
2026-01-25 10:27:54.371540,NE-034,GTP-C,DeleteSessionRequest,NE-020,NE-037,REQUEST,SIG-5EDE6ABEF7DC,TIMEOUT
2026-02-17 10:45:55.371540,NE-027,S1AP,UEContextReleaseCommand,NE-030,NE-016,REQUEST,SIG-B6FC69ECE013,PROTOCOL-ERROR
2026-01-17 21:29:28.371540,NE-027,S1AP,PathSwitchRequest,NE-021,NE-032,REQUEST,SIG-2C1D8BB4298B,SUCCESS
2025-12-15 03:52:22.371540,NE-016,SS7,MAP-SendAuthInfo,NE-030,NE-017,REQUEST,SIG-39DE84FF7625,SUCCESS
2026-01-11 12:37:43.371540,NE-030,DIAMETER,Update-Location-Request,NE-004,NE-019,RESPONSE,SIG-C436A1153FE3,SUCCESS
2026-01-19 12:23:41.371540,NE-002,SIP,404 Not Found,NE-022,NE-020,REQUEST,SIG-370BF915AFAB,SUCCESS
2026-02-19 15:55:57.371540,NE-033,DIAMETER,Update-Location-Request,NE-019,NE-010,REQUEST,SIG-0CDD239A46FD,REJECT
2026-03-02 22:47:39.371540,NE-021,NAS,ServiceRequest,NE-008,NE-032,RESPONSE,SIG-D8B25486C77D,AUTH-FAILURE
2026-01-20 12:19:01.371540,NE-022,SS7,SCCP-UDT,NE-029,NE-040,RESPONSE,SIG-64ACF0DA4174,SUCCESS
2025-12-21 01:53:37.371540,NE-004,SS7,SCCP-UDT,NE-008,NE-003,RESPONSE,SIG-E7AA3F7BB4FA,TIMEOUT
2026-02-04 11:48:41.371540,NE-008,NAS,AttachRequest,NE-030,NE-032,REQUEST,SIG-6F4B02413839,SUCCESS
2025-12-22 05:54:27.371540,NE-006,DIAMETER,Authentication-Information-Answer,NE-011,NE-020,REQUEST,SIG-BAE15E5491C2,AUTH-FAILURE
2026-01-29 12:31:46.371540,NE-037,NAS,DetachRequest,NE-007,NE-008,REQUEST,SIG-F9658E9C83C5,RESOURCE-UNAVAILABLE
2025-12-23 16:44:44.371540,NE-029,S1AP,PathSwitchRequest,NE-040,NE-015,REQUEST,SIG-C9414DA14393,SUCCESS
2026-02-07 11:03:49.371540,NE-012,NAS,ServiceRequest,NE-038,NE-005,REQUEST,SIG-2D95C19F47AA,TIMEOUT
2026-01-13 19:10:22.371540,NE-027,S1AP,UEContextSetupRequest,NE-033,NE-022,REQUEST,SIG-FD166F73F315,PROTOCOL-ERROR
2026-01-09 12:38:33.371540,NE-003,S1AP,UEContextSetupRequest,NE-005,NE-015,RESPONSE,SIG-F512C6450B80,TIMEOUT
2026-01-14 08:44:39.371540,NE-007,DIAMETER,Update-Location-Request,NE-021,NE-032,REQUEST,SIG-383164FAEAB8,PROTOCOL-ERROR
2026-02-26 17:26:48.371540,NE-015,S1AP,HandoverRequest,NE-004,NE-034,RESPONSE,SIG-3984435F5329,SUCCESS
2026-01-17 03:01:16.371540,NE-005,GTP-C,CreateSessionRequest,NE-030,NE-016,RESPONSE,SIG-A1C8CF4A8A5A,PROTOCOL-ERROR
2025-12-28 12:51:21.371540,NE-024,DIAMETER,Update-Location-Answer,NE-027,NE-019,RESPONSE,SIG-7B8673201CEC,TIMEOUT
2026-03-04 12:17:45.371540,NE-018,S1AP,HandoverRequest,NE-014,NE-009,RESPONSE,SIG-239ADF0D5B26,AUTH-FAILURE
2026-02-15 14:28:48.371540,NE-034,S1AP,InitialUEMessage,NE-002,NE-019,REQUEST,SIG-2EEECA84EECA,REJECT
2026-02-25 22:29:41.371540,NE-030,S1AP,UEContextSetupRequest,NE-036,NE-021,REQUEST,SIG-F956B4A34974,AUTH-FAILURE
2026-03-08 04:48:56.371540,NE-040,S1AP,UEContextSetupRequest,NE-010,NE-007,RESPONSE,SIG-66742ED8AD95,SUCCESS
2026-01-13 09:47:57.371540,NE-027,S1AP,UEContextReleaseCommand,NE-007,NE-035,REQUEST,SIG-FA6B2D5E4445,REJECT
2025-12-14 14:14:52.371540,NE-030,GTP-C,CreateSessionResponse,NE-012,NE-035,NOTIFICATION,SIG-334D820251D8,TIMEOUT
2026-03-05 04:57:04.371540,NE-029,SIP,REGISTER,NE-014,NE-008,RESPONSE,SIG-B25FDF027E13,AUTH-FAILURE
2026-02-17 10:00:07.371540,NE-019,SS7,SCCP-UDT,NE-002,NE-009,RESPONSE,SIG-7DBB4FBFC1A0,REJECT
2026-01-10 19:27:35.371540,NE-024,DIAMETER,Update-Location-Answer,NE-033,NE-031,RESPONSE,SIG-D0B9F3AA12ED,TIMEOUT
2026-01-02 17:53:06.371540,NE-009,NAS,AttachReject,NE-031,NE-036,RESPONSE,SIG-ABD5F105E693,SUCCESS
2025-12-13 05:33:39.371540,NE-003,SS7,SCCP-UDT,NE-036,NE-017,RESPONSE,SIG-2827E7317504,PROTOCOL-ERROR
2025-12-25 06:09:48.371540,NE-010,S1AP,UEContextReleaseCommand,NE-024,NE-016,REQUEST,SIG-E050C68D7796,AUTH-FAILURE
2026-03-04 14:16:40.371540,NE-027,DIAMETER,Authentication-Information-Answer,NE-011,NE-001,RESPONSE,SIG-937E525FB4CA,PROTOCOL-ERROR
2026-03-04 08:25:06.371540,NE-012,S1AP,InitialUEMessage,NE-040,NE-017,RESPONSE,SIG-A36C113FBAA6,SUCCESS
2026-02-12 23:49:38.371540,NE-033,S1AP,UEContextSetupRequest,NE-001,NE-016,RESPONSE,SIG-8EF706574954,SUCCESS
2026-02-08 09:55:09.371540,NE-034,S1AP,InitialUEMessage,NE-002,NE-040,RESPONSE,SIG-A17F36E22F20,REJECT
2025-12-25 05:40:43.371540,NE-018,GTP-C,CreateSessionRequest,NE-039,NE-023,RESPONSE,SIG-5C9C822D6EA4,SUCCESS
2026-01-19 09:03:45.371540,NE-018,NAS,ServiceRequest,NE-033,NE-023,REQUEST,SIG-25B569C81E3A,AUTH-FAILURE
2026-03-06 09:54:09.371540,NE-036,GTP-C,ModifyBearerRequest,NE-003,NE-028,REQUEST,SIG-2801C7CE1807,UNKNOWN
2026-02-03 00:11:53.371540,NE-020,DIAMETER,Authentication-Information-Answer,NE-025,NE-015,REQUEST,SIG-14569D9F7612,TIMEOUT
2026-03-06 04:41:57.371540,NE-018,NAS,DetachRequest,NE-016,NE-019,REQUEST,SIG-FF1AEBB4EA2D,SUCCESS
2026-02-10 15:32:25.371540,NE-017,DIAMETER,Update-Location-Request,NE-023,NE-012,RESPONSE,SIG-4F049500944D,SUCCESS
2025-12-13 21:16:42.371540,NE-016,NAS,AttachAccept,NE-020,NE-005,NOTIFICATION,SIG-16B827ED3F90,REJECT
2026-01-12 02:29:58.371540,NE-025,S1AP,PathSwitchRequest,NE-004,NE-006,RESPONSE,SIG-FC0FAEA99233,SUCCESS
2026-02-18 14:23:41.371540,NE-034,GTP-C,CreateSessionRequest,NE-030,NE-026,RESPONSE,SIG-BADC842F6F96,REJECT
2026-01-01 13:20:47.371540,NE-038,DIAMETER,Update-Location-Answer,NE-021,NE-032,REQUEST,SIG-52025DF8FB35,SUCCESS
2026-02-26 21:57:47.371540,NE-008,DIAMETER,Update-Location-Request,NE-019,NE-005,REQUEST,SIG-B30B5E9FB25B,SUCCESS
2026-01-28 15:18:14.371540,NE-010,GTP-C,DeleteSessionRequest,NE-001,NE-002,RESPONSE,SIG-AE81BECE3D2E,PROTOCOL-ERROR
2026-02-14 03:54:45.371540,NE-005,GTP-C,DeleteSessionRequest,NE-031,NE-006,RESPONSE,SIG-174F0C2E794E,SUCCESS
2025-12-27 03:14:33.371540,NE-033,GTP-C,CreateSessionResponse,NE-031,NE-012,RESPONSE,SIG-C0F89F194A8A,TIMEOUT
2026-02-05 16:13:29.371540,NE-023,GTP-C,CreateSessionResponse,NE-006,NE-036,REQUEST,SIG-D4DE647ABD89,SUCCESS
2025-12-23 10:07:52.371540,NE-018,SS7,SCCP-UDT,NE-038,NE-024,RESPONSE,SIG-A31DE5E4EDCE,SUCCESS
2026-01-08 16:18:15.371540,NE-040,DIAMETER,Authentication-Information-Answer,NE-010,NE-034,RESPONSE,SIG-28904C7C6AA7,SUCCESS
2025-12-14 07:06:18.371540,NE-018,S1AP,InitialUEMessage,NE-021,NE-008,RESPONSE,SIG-CC7F9D179C87,TIMEOUT
2025-12-24 12:36:04.371540,NE-021,S1AP,UEContextReleaseCommand,NE-002,NE-040,REQUEST,SIG-EABBC10259DD,UNKNOWN
2025-12-19 13:38:32.371540,NE-014,S1AP,PathSwitchRequest,NE-040,NE-015,RESPONSE,SIG-FED21810A113,SUCCESS
2025-12-14 01:35:48.371540,NE-006,GTP-C,DeleteSessionRequest,NE-011,NE-023,RESPONSE,SIG-6063B865AE33,TIMEOUT
2026-01-16 03:42:03.371540,NE-023,S1AP,PathSwitchRequest,NE-007,NE-017,REQUEST,SIG-47D6F06744F2,REJECT
2026-01-05 17:05:46.371540,NE-013,GTP-C,CreateSessionResponse,NE-030,NE-007,RESPONSE,SIG-613ABDEE435C,REJECT
2025-12-24 01:59:50.371540,NE-029,S1AP,UEContextReleaseCommand,NE-017,NE-022,RESPONSE,SIG-601445E1E051,TIMEOUT
2026-02-20 20:53:04.371540,NE-024,NAS,ServiceRequest,NE-025,NE-029,REQUEST,SIG-5980EF34862C,AUTH-FAILURE
2026-02-01 15:04:39.371540,NE-023,S1AP,InitialUEMessage,NE-006,NE-035,REQUEST,SIG-BCE56E6F28A4,TIMEOUT
2026-02-03 22:01:32.371540,NE-013,GTP-C,CreateSessionResponse,NE-014,NE-005,REQUEST,SIG-3094942AD550,SUCCESS
2026-03-04 03:49:43.371540,NE-035,DIAMETER,Authentication-Information-Answer,NE-034,NE-009,REQUEST,SIG-A773011E15F2,PROTOCOL-ERROR
2026-01-07 17:54:34.371540,NE-036,SS7,MAP-UpdateLocation,NE-002,NE-037,REQUEST,SIG-8A3E16BE20B4,TIMEOUT
2026-01-27 15:02:37.371540,NE-016,NAS,AttachRequest,NE-010,NE-035,RESPONSE,SIG-F169540C930C,RESOURCE-UNAVAILABLE
2026-01-11 11:44:27.371540,NE-019,S1AP,HandoverRequest,NE-012,NE-026,RESPONSE,SIG-3AEFFA5819E6,REJECT
2026-03-05 03:26:43.371540,NE-019,SS7,SCCP-UDT,NE-001,NE-024,REQUEST,SIG-98D57DB7076C,SUCCESS
2025-12-27 01:00:43.371540,NE-014,NAS,TAURequest,NE-021,NE-025,REQUEST,SIG-BD4529826EE4,SUCCESS
2026-03-07 22:12:39.371540,NE-011,GTP-C,CreateSessionRequest,NE-004,NE-003,REQUEST,SIG-D3D518E1223A,SUCCESS
2026-02-28 17:41:16.371540,NE-023,NAS,AttachReject,NE-014,NE-018,REQUEST,SIG-C0E0535FC7C2,TIMEOUT
2026-02-05 16:20:21.371540,NE-016,GTP-C,DeleteSessionRequest,NE-027,NE-039,REQUEST,SIG-A61CFB59AB1D,PROTOCOL-ERROR
2025-12-17 08:14:31.371540,NE-027,GTP-C,CreateSessionRequest,NE-036,NE-023,NOTIFICATION,SIG-762E6E9AB636,RESOURCE-UNAVAILABLE
2025-12-15 12:06:30.371540,NE-032,GTP-C,ModifyBearerRequest,NE-026,NE-018,REQUEST,SIG-19ECCAA5769F,AUTH-FAILURE
2025-12-27 02:09:31.371540,NE-015,SS7,SCCP-UDT,NE-029,NE-007,REQUEST,SIG-5A46720A3938,SUCCESS
2026-01-01 14:31:36.371540,NE-027,NAS,TAURequest,NE-034,NE-035,RESPONSE,SIG-841DAE3FB8F3,TIMEOUT
2026-01-13 08:09:46.371540,NE-014,SIP,BYE,NE-039,NE-003,RESPONSE,SIG-8E90B8E9CA26,RESOURCE-UNAVAILABLE
2026-01-01 09:33:17.371540,NE-039,SS7,MAP-SendAuthInfo,NE-039,NE-018,REQUEST,SIG-D29EBDBD7D3B,SUCCESS
2025-12-22 07:41:05.371540,NE-030,S1AP,InitialUEMessage,NE-038,NE-023,RESPONSE,SIG-3C2B494FA501,SUCCESS
2025-12-20 23:26:19.371540,NE-009,SS7,MAP-UpdateLocation,NE-005,NE-027,REQUEST,SIG-03B6DD731225,RESOURCE-UNAVAILABLE
2026-01-11 09:56:47.371540,NE-039,S1AP,UEContextSetupRequest,NE-002,NE-029,RESPONSE,SIG-34C66ED5D909,AUTH-FAILURE
2026-02-19 03:28:44.371540,NE-013,S1AP,UEContextSetupRequest,NE-006,NE-003,NOTIFICATION,SIG-38088AA15002,SUCCESS
2026-01-22 02:59:13.371540,NE-017,NAS,AttachReject,NE-035,NE-027,REQUEST,SIG-819148D848AA,SUCCESS
2026-02-24 06:07:54.371540,NE-040,SS7,MAP-SendAuthInfo,NE-009,NE-021,NOTIFICATION,SIG-1AF99E0D76CC,UNKNOWN
2026-01-12 23:32:51.371540,NE-029,S1AP,UEContextSetupRequest,NE-018,NE-024,RESPONSE,SIG-6A52C3252A45,SUCCESS
2026-02-11 04:21:55.371540,NE-007,SS7,MAP-UpdateLocation,NE-030,NE-005,RESPONSE,SIG-76FA1810AF8A,SUCCESS
2025-12-22 14:03:45.371540,NE-039,DIAMETER,Update-Location-Request,NE-015,NE-014,RESPONSE,SIG-D8B35667EE07,REJECT
2026-02-12 11:55:53.371540,NE-003,DIAMETER,Update-Location-Answer,NE-002,NE-019,RESPONSE,SIG-5C9A62F64EAD,REJECT
2026-01-29 04:54:16.371540,NE-038,GTP-C,ModifyBearerRequest,NE-017,NE-018,REQUEST,SIG-2B00284DB5ED,SUCCESS
2026-01-16 09:52:22.371540,NE-018,SS7,MAP-UpdateLocation,NE-019,NE-033,RESPONSE,SIG-E0C10FE25986,RESOURCE-UNAVAILABLE
2026-01-08 11:08:06.371540,NE-035,S1AP,HandoverRequest,NE-018,NE-030,RESPONSE,SIG-2F79052C1284,TIMEOUT
2025-12-27 20:40:44.371540,NE-039,GTP-C,CreateSessionResponse,NE-010,NE-029,RESPONSE,SIG-12F300172C15,SUCCESS
2025-12-11 05:54:59.371540,NE-013,GTP-C,CreateSessionRequest,NE-021,NE-024,REQUEST,SIG-2C150E47904B,REJECT
2026-01-18 03:16:35.371540,NE-036,S1AP,UEContextReleaseCommand,NE-038,NE-040,REQUEST,SIG-ECA026408FDA,REJECT
2026-02-20 14:44:40.371540,NE-030,S1AP,UEContextSetupRequest,NE-027,NE-034,RESPONSE,SIG-66B44C1172F5,PROTOCOL-ERROR
2026-01-16 21:45:13.371540,NE-020,NAS,ServiceRequest,NE-039,NE-001,REQUEST,SIG-ECAD9FD2DA26,SUCCESS
2026-01-20 04:55:12.371540,NE-017,NAS,DetachRequest,NE-039,NE-019,RESPONSE,SIG-8A06E293F372,SUCCESS
2026-02-24 05:48:41.371540,NE-014,NAS,TAURequest,NE-026,NE-039,REQUEST,SIG-CA411F518056,SUCCESS
2026-02-20 07:10:47.371540,NE-029,NAS,AttachReject,NE-005,NE-025,RESPONSE,SIG-715A713C3A38,SUCCESS
2026-02-09 17:07:34.371540,NE-032,SIP,404 Not Found,NE-032,NE-017,RESPONSE,SIG-4FE6D0BBF1AE,REJECT
2026-01-11 00:40:00.371540,NE-002,S1AP,PathSwitchRequest,NE-014,NE-020,RESPONSE,SIG-25673CA8417F,SUCCESS
2026-02-16 05:52:04.371540,NE-007,SIP,INVITE,NE-022,NE-032,REQUEST,SIG-8740134A366D,SUCCESS
2026-01-17 05:52:13.371540,NE-032,SIP,BYE,NE-013,NE-008,RESPONSE,SIG-553178F6A60B,SUCCESS
2026-03-07 22:54:26.371540,NE-020,DIAMETER,Authentication-Information-Request,NE-033,NE-007,RESPONSE,SIG-7639A84BBD16,RESOURCE-UNAVAILABLE
2026-02-13 10:20:33.371540,NE-003,S1AP,PathSwitchRequest,NE-032,NE-026,REQUEST,SIG-00D12B947A68,SUCCESS
2025-12-12 04:46:41.371540,NE-018,S1AP,UEContextReleaseCommand,NE-022,NE-031,REQUEST,SIG-1B6FBE47D30A,PROTOCOL-ERROR
2025-12-17 16:07:09.371540,NE-024,S1AP,UEContextReleaseCommand,NE-001,NE-008,REQUEST,SIG-A409F6FB5D58,TIMEOUT
2026-03-08 20:36:05.371540,NE-005,NAS,DetachRequest,NE-026,NE-027,RESPONSE,SIG-7089414905F0,PROTOCOL-ERROR
2026-02-27 08:04:13.371540,NE-007,S1AP,PathSwitchRequest,NE-004,NE-008,REQUEST,SIG-F813EC586DB8,TIMEOUT
2026-01-10 08:33:36.371540,NE-032,NAS,AttachAccept,NE-034,NE-002,REQUEST,SIG-378C0BAA93CF,RESOURCE-UNAVAILABLE
2025-12-23 15:13:37.371540,NE-004,S1AP,UEContextReleaseCommand,NE-007,NE-016,RESPONSE,SIG-6EDF68D324DF,SUCCESS
2025-12-24 08:00:27.371540,NE-003,NAS,ServiceRequest,NE-017,NE-025,REQUEST,SIG-F7602A3665B7,UNKNOWN
2026-02-25 11:12:10.371540,NE-016,DIAMETER,Update-Location-Request,NE-034,NE-033,REQUEST,SIG-8EE7274DD8E4,SUCCESS
2025-12-31 12:25:15.371540,NE-034,DIAMETER,Authentication-Information-Answer,NE-020,NE-026,REQUEST,SIG-278276D0450A,SUCCESS
2026-02-01 06:22:11.371540,NE-032,GTP-C,DeleteSessionRequest,NE-016,NE-013,RESPONSE,SIG-4044DC195F03,REJECT
2026-01-07 11:37:12.371540,NE-034,S1AP,InitialUEMessage,NE-023,NE-028,REQUEST,SIG-29332DD9FD2D,SUCCESS
2026-02-08 16:53:21.371540,NE-009,S1AP,UEContextReleaseCommand,NE-035,NE-002,RESPONSE,SIG-3ED5A54174AB,SUCCESS
2026-02-07 05:43:19.371540,NE-021,S1AP,PathSwitchRequest,NE-008,NE-007,RESPONSE,SIG-950FC5ED9E73,TIMEOUT
2025-12-13 18:55:25.371540,NE-032,S1AP,UEContextReleaseCommand,NE-015,NE-005,REQUEST,SIG-0C24D3B34185,SUCCESS
2026-01-08 22:51:49.371540,NE-032,NAS,AttachAccept,NE-018,NE-023,REQUEST,SIG-2F29D5C7D6DC,REJECT
2025-12-21 16:08:49.371540,NE-006,GTP-C,DeleteSessionRequest,NE-037,NE-034,REQUEST,SIG-DF4AF4D8F371,AUTH-FAILURE
2026-02-08 03:59:44.371540,NE-001,NAS,AttachAccept,NE-007,NE-040,REQUEST,SIG-0AC8111E1676,TIMEOUT
2026-01-08 13:05:00.371540,NE-026,NAS,AttachAccept,NE-039,NE-031,RESPONSE,SIG-15710D5968E8,TIMEOUT
2026-01-19 06:41:35.371540,NE-033,DIAMETER,Authentication-Information-Request,NE-028,NE-037,RESPONSE,SIG-AF7FF2EA0130,REJECT
2025-12-15 02:36:09.371540,NE-019,GTP-C,CreateSessionResponse,NE-004,NE-018,RESPONSE,SIG-08AC88F73031,SUCCESS
2026-02-14 16:40:02.371540,NE-002,NAS,AttachRequest,NE-026,NE-029,RESPONSE,SIG-75EC2EBCC3BF,SUCCESS
2026-02-19 10:51:02.371540,NE-025,S1AP,UEContextReleaseCommand,NE-007,NE-015,REQUEST,SIG-9E672405E2D2,PROTOCOL-ERROR
2026-02-20 02:35:49.371540,NE-004,DIAMETER,Update-Location-Answer,NE-040,NE-009,RESPONSE,SIG-61774E370800,SUCCESS
2026-03-05 00:49:32.371540,NE-036,S1AP,InitialUEMessage,NE-037,NE-016,RESPONSE,SIG-C47E19DAC727,SUCCESS
2025-12-15 04:18:11.371540,NE-031,GTP-C,CreateSessionResponse,NE-038,NE-005,RESPONSE,SIG-D5A3F1F0048C,SUCCESS
2026-01-07 20:38:26.371540,NE-026,NAS,ServiceRequest,NE-010,NE-022,RESPONSE,SIG-460C764FEC78,PROTOCOL-ERROR
2026-01-13 09:49:09.371540,NE-007,GTP-C,DeleteSessionRequest,NE-017,NE-023,RESPONSE,SIG-AAE1A74C34EB,RESOURCE-UNAVAILABLE
2026-01-21 17:36:53.371540,NE-010,DIAMETER,Authentication-Information-Answer,NE-034,NE-007,REQUEST,SIG-B072CA8AA985,PROTOCOL-ERROR
2026-03-07 12:04:26.371540,NE-028,NAS,AttachAccept,NE-034,NE-019,RESPONSE,SIG-E9E51FDE3B01,SUCCESS
2025-12-26 04:23:58.371540,NE-029,GTP-C,CreateSessionRequest,NE-011,NE-007,RESPONSE,SIG-C07C04AA4C38,TIMEOUT
2025-12-11 03:35:58.371540,NE-008,NAS,AttachRequest,NE-007,NE-020,RESPONSE,SIG-EE6A9BD7C26F,SUCCESS
2026-01-11 21:50:55.371540,NE-020,S1AP,PathSwitchRequest,NE-029,NE-030,REQUEST,SIG-F8711F530DED,SUCCESS
2025-12-27 15:13:08.371540,NE-028,NAS,ServiceRequest,NE-040,NE-001,RESPONSE,SIG-4DB6ABFBE116,REJECT
2026-02-26 05:35:19.371540,NE-015,NAS,DetachRequest,NE-034,NE-012,REQUEST,SIG-A53F46960FB9,SUCCESS
2025-12-30 18:43:16.371540,NE-040,NAS,AttachRequest,NE-014,NE-011,RESPONSE,SIG-9D1FB88C6CBE,SUCCESS
2026-01-10 15:16:53.371540,NE-001,S1AP,UEContextSetupRequest,NE-025,NE-006,RESPONSE,SIG-5A2F64D3085F,REJECT
2026-02-01 02:04:04.371540,NE-019,NAS,TAURequest,NE-003,NE-031,REQUEST,SIG-74A75A6842CE,SUCCESS
2026-03-01 14:11:45.371540,NE-014,SS7,MAP-SendAuthInfo,NE-035,NE-036,RESPONSE,SIG-4F3E443D11B8,AUTH-FAILURE
2026-02-18 11:17:37.371540,NE-013,NAS,ServiceRequest,NE-021,NE-010,REQUEST,SIG-DC8F65D4AD8B,UNKNOWN
2026-01-26 19:35:45.371540,NE-015,S1AP,PathSwitchRequest,NE-001,NE-040,RESPONSE,SIG-8E5853AFF270,SUCCESS
2026-02-13 04:32:04.371540,NE-004,S1AP,InitialUEMessage,NE-036,NE-014,RESPONSE,SIG-5660CE0E3935,SUCCESS
2026-02-02 03:18:39.371540,NE-003,DIAMETER,Authentication-Information-Answer,NE-011,NE-024,REQUEST,SIG-85C27EDFC7ED,SUCCESS
2026-01-12 15:07:26.371540,NE-033,DIAMETER,Update-Location-Request,NE-025,NE-011,RESPONSE,SIG-E3D5B86896FC,SUCCESS
2026-01-16 04:14:00.371540,NE-004,SS7,MAP-SendAuthInfo,NE-017,NE-006,REQUEST,SIG-E25569EFE717,SUCCESS
2025-12-15 02:54:08.371540,NE-017,S1AP,InitialUEMessage,NE-007,NE-014,RESPONSE,SIG-603AA3AF714F,RESOURCE-UNAVAILABLE
2026-02-08 03:13:42.371540,NE-018,DIAMETER,Authentication-Information-Request,NE-019,NE-038,REQUEST,SIG-64175A311DED,AUTH-FAILURE
2025-12-31 22:27:45.371540,NE-029,DIAMETER,Update-Location-Answer,NE-001,NE-031,REQUEST,SIG-089E8B23CD4F,SUCCESS
2025-12-13 04:45:03.371540,NE-018,GTP-C,ModifyBearerRequest,NE-025,NE-012,REQUEST,SIG-0B1F77BAEE26,PROTOCOL-ERROR
2026-02-03 13:36:13.371540,NE-005,S1AP,UEContextSetupRequest,NE-022,NE-032,NOTIFICATION,SIG-05BB86ADEFCA,AUTH-FAILURE
2026-02-01 13:57:59.371540,NE-018,DIAMETER,Update-Location-Request,NE-004,NE-017,RESPONSE,SIG-46C7D4A06E1C,SUCCESS
2026-02-26 10:16:04.371540,NE-038,DIAMETER,Authentication-Information-Request,NE-007,NE-040,REQUEST,SIG-2CDBB423D69E,SUCCESS
2025-12-26 02:53:00.371540,NE-015,NAS,AttachAccept,NE-015,NE-008,RESPONSE,SIG-8C222D002159,REJECT
2026-02-05 14:42:33.371540,NE-022,SS7,SCCP-UDT,NE-017,NE-014,RESPONSE,SIG-B503D5DDDADB,RESOURCE-UNAVAILABLE
2026-02-17 13:25:34.371540,NE-001,SIP,404 Not Found,NE-009,NE-002,RESPONSE,SIG-1B5051C03A9B,AUTH-FAILURE
2026-02-04 09:00:09.371540,NE-031,NAS,DetachRequest,NE-022,NE-028,REQUEST,SIG-75300ED7A080,SUCCESS
2026-01-25 12:43:57.371540,NE-017,NAS,TAURequest,NE-002,NE-033,RESPONSE,SIG-0A4536841CE0,SUCCESS
2026-01-27 18:11:53.371540,NE-035,NAS,AttachAccept,NE-001,NE-024,REQUEST,SIG-8B899156BEFB,REJECT
2026-02-12 15:42:41.371540,NE-015,NAS,DetachRequest,NE-035,NE-007,REQUEST,SIG-DFD869024B84,SUCCESS
2026-02-14 11:15:40.371540,NE-007,NAS,AttachRequest,NE-040,NE-023,REQUEST,SIG-AC3B18620DEE,SUCCESS
2026-02-06 07:34:26.371540,NE-024,DIAMETER,Authentication-Information-Request,NE-011,NE-034,RESPONSE,SIG-AB759BBB44D0,SUCCESS
2026-02-13 18:15:45.371540,NE-021,NAS,TAURequest,NE-036,NE-003,NOTIFICATION,SIG-3C9022FE276C,TIMEOUT
2026-01-11 21:48:56.371540,NE-036,NAS,AttachAccept,NE-022,NE-021,RESPONSE,SIG-4973E844E443,SUCCESS
2025-12-30 16:37:38.371540,NE-031,SIP,INVITE,NE-001,NE-024,NOTIFICATION,SIG-39AA005A4AA6,SUCCESS
2026-01-13 20:30:10.371540,NE-011,S1AP,InitialUEMessage,NE-007,NE-037,RESPONSE,SIG-AB918E9560E8,AUTH-FAILURE
2026-01-24 04:11:43.371540,NE-011,GTP-C,DeleteSessionRequest,NE-035,NE-010,NOTIFICATION,SIG-77BD1ADA0936,SUCCESS
2026-02-05 07:06:31.371540,NE-021,DIAMETER,Update-Location-Request,NE-007,NE-030,RESPONSE,SIG-46F5563B009B,AUTH-FAILURE
2026-01-09 19:05:11.371540,NE-009,DIAMETER,Update-Location-Answer,NE-017,NE-027,NOTIFICATION,SIG-12DBFA8C36DD,SUCCESS
2026-02-24 06:46:39.371540,NE-002,S1AP,UEContextSetupRequest,NE-008,NE-021,NOTIFICATION,SIG-B1B88E89103C,SUCCESS
2026-03-07 19:55:50.371540,NE-006,S1AP,InitialUEMessage,NE-027,NE-003,REQUEST,SIG-680789BF8359,PROTOCOL-ERROR
2026-02-12 23:16:03.371540,NE-022,S1AP,PathSwitchRequest,NE-035,NE-002,REQUEST,SIG-EEA35EECEF49,AUTH-FAILURE
2025-12-27 03:51:38.371540,NE-039,SS7,SCCP-UDT,NE-002,NE-027,RESPONSE,SIG-F7B3B7D763CA,PROTOCOL-ERROR
2025-12-18 04:21:24.371540,NE-007,DIAMETER,Authentication-Information-Request,NE-025,NE-020,REQUEST,SIG-FA3B13482633,TIMEOUT
2026-01-05 17:49:50.371540,NE-027,SS7,MAP-SendAuthInfo,NE-031,NE-035,REQUEST,SIG-BA3E933A02DB,SUCCESS
2026-02-05 08:59:07.371540,NE-004,NAS,TAURequest,NE-013,NE-002,RESPONSE,SIG-F3453132E150,SUCCESS
2026-01-21 00:14:12.371540,NE-037,S1AP,UEContextReleaseCommand,NE-029,NE-018,REQUEST,SIG-7D33D45BCD6A,AUTH-FAILURE
2026-01-31 20:00:46.371540,NE-016,S1AP,InitialUEMessage,NE-025,NE-033,RESPONSE,SIG-85700F294F59,SUCCESS
2026-01-12 12:33:26.371540,NE-024,DIAMETER,Update-Location-Request,NE-008,NE-013,REQUEST,SIG-83874A25580E,TIMEOUT
2026-02-23 09:22:55.371540,NE-020,DIAMETER,Update-Location-Request,NE-031,NE-020,RESPONSE,SIG-F66D64799C36,SUCCESS
2026-01-10 14:07:34.371540,NE-036,DIAMETER,Update-Location-Answer,NE-011,NE-008,REQUEST,SIG-92E35AE57F10,AUTH-FAILURE
2026-02-20 20:28:07.371540,NE-028,DIAMETER,Authentication-Information-Answer,NE-016,NE-032,REQUEST,SIG-DA64FE69E517,RESOURCE-UNAVAILABLE
2026-01-10 05:11:35.371540,NE-024,NAS,AttachRequest,NE-029,NE-038,RESPONSE,SIG-A0678AEFA0D1,SUCCESS
